index,대학코드,국가,대학명,파견구분,협정형태,NUM_VISITS,BERT_SUM,RNN_SUM,BERT_AVG,RNN_AVG,BERT_PLUS_RNN_SCORE,COLLEGE_LINK
376,CH000004,SWITZERLAND,University of Lausanne,교환학생,교환대학ISEP,8.0,8.0,6.659101605415344,1.0,0.832387700676918,0.9497163102030753,http://oia.yonsei.ac.kr/partner/expReport.asp?ucode=CH000004&bgbn=A
284,MX000004,MEXICO,Instituto Tecnologico y de Estudios Superiores de Monterrey (ITESM)-Monterrey,교환학생,교환대학ISEP,7.0,7.0,5.66569972038269,1.0,0.8093856743403843,0.9428157023021153,http://oia.yonsei.ac.kr/partner/expReport.asp?ucode=MX000004&bgbn=A
415,GB000010,UNITED KINGDOM,University of Edinburgh,교환학생방문학생SAP(정규),교환대학SAF,7.0,7.0,5.607286095619202,1.0,0.8010408708027431,0.9403122612408229,http://oia.yonsei.ac.kr/partner/expReport.asp?ucode=GB000010&bgbn=A
361,SE000003,SWEDEN,Kristianstad University,교환학생,교환대학,49.0,47.0,39.3415404856205,0.9591836734693877,0.8028885813391938,0.9122951458303294,http://oia.yonsei.ac.kr/partner/expReport.asp?ucode=SE000003&bgbn=A
49,CA000003,CANADA,Dalhousie University,교환학생,교환대학,6.0,6.0,4.0886465311050415,1.0,0.681441088517507,0.9044323265552521,http://oia.yonsei.ac.kr/partner/expReport.asp?ucode=CA000003&bgbn=A
547,US000104,UNITED STATES,Maryville College,교환학생,교환대학,28.0,27.0,21.112274765968323,0.9642857142857143,0.7540098130702972,0.9012029439210891,http://oia.yonsei.ac.kr/partner/expReport.asp?ucode=US000104&bgbn=A
246,JP000017,JAPAN,Nagasaki University,교환학생,교환대학,7.0,7.0,4.619840860366821,1.0,0.6599772657666888,0.8979931797300066,http://oia.yonsei.ac.kr/partner/expReport.asp?ucode=JP000017&bgbn=A
34,AT000009,AUSTRIA,University of Vienna,교환학생,교환대학,20.0,20.0,13.028918445110321,1.0,0.651445922255516,0.8954337766766547,http://oia.yonsei.ac.kr/partner/expReport.asp?ucode=AT000009&bgbn=A
539,US000096,UNITED STATES,Linfield College,교환학생,교환대학,51.0,50.0,35.07753622531891,0.9803921568627451,0.6877948279474296,0.8926129581881503,http://oia.yonsei.ac.kr/partner/expReport.asp?ucode=US000096&bgbn=A
168,DE000017,GERMANY,Humboldt-Universitat zu Berlin,교환학생,교환대학,28.0,27.0,19.999718010425568,0.9642857142857143,0.7142756432294846,0.8892826929688453,http://oia.yonsei.ac.kr/partner/expReport.asp?ucode=DE000017&bgbn=A
130,FR000007,FRANCE,Hautes Etudes Commercials (HEC Paris),교환학생,교환대학,6.0,6.0,3.7635921835899353,1.0,0.6272653639316559,0.8881796091794967,http://oia.yonsei.ac.kr/partner/expReport.asp?ucode=FR000007&bgbn=A
369,SE000011,SWEDEN,University of Gothenburg,교환학생,교환대학,28.0,27.0,19.829801857471466,0.9642857142857143,0.7082072091954095,0.8874621627586228,http://oia.yonsei.ac.kr/partner/expReport.asp?ucode=SE000011&bgbn=A
660,US000208,UNITED STATES,University of Iowa,교환학생방문학생SAP(정규),ISEPSAF,6.0,6.0,3.647523581981659,1.0,0.6079205969969431,0.882376179099083,http://oia.yonsei.ac.kr/partner/expReport.asp?ucode=US000208&bgbn=A
521,US000079,UNITED STATES,Hobart & William Smith College,교환학생,교환대학,28.0,26.0,21.59011882543564,0.9285714285714286,0.771075672336987,0.8813227017010961,http://oia.yonsei.ac.kr/partner/expReport.asp?ucode=US000079&bgbn=A
264,JP000033,JAPAN,University of Tokyo,교환학생,교환대학,10.0,9.0,8.218766272068024,0.9,0.8218766272068023,0.8765629881620407,http://oia.yonsei.ac.kr/partner/expReport.asp?ucode=JP000033&bgbn=A
615,US000168,UNITED STATES,St. Olaf College,교환학생,교환대학,20.0,19.0,14.099125474691391,0.95,0.7049562737345696,0.8764868821203708,http://oia.yonsei.ac.kr/partner/expReport.asp?ucode=US000168&bgbn=A
731,US000273,UNITED STATES,Westminster College,교환학생,교환대학,23.0,21.0,17.890282809734344,0.9130434782608695,0.777838383031928,0.8724819496921871,http://oia.yonsei.ac.kr/partner/expReport.asp?ucode=US000273&bgbn=A
566,US000123,UNITED STATES,New York University - Stern School of Business,교환학생,교환대학,18.0,17.0,12.651913166046143,0.9444444444444444,0.7028840647803413,0.8719763305452135,http://oia.yonsei.ac.kr/partner/expReport.asp?ucode=US000123&bgbn=A
341,ES000001,SPAIN,ESADE,교환학생,교환대학,24.0,23.0,16.047976911067963,0.9583333333333334,0.6686657046278318,0.8714330447216828,http://oia.yonsei.ac.kr/partner/expReport.asp?ucode=ES000001&bgbn=A
320,NZ000004,NEW ZEALAND,University of Otago,교환학생,교환대학,14.0,13.0,10.308277785778046,0.9285714285714286,0.7363055561270032,0.870891666838101,http://oia.yonsei.ac.kr/partner/expReport.asp?ucode=NZ000004&bgbn=A
27,AT000001,AUSTRIA,FH Kufstein Tirol University of Applied Sciences,교환학생,교환대학,40.0,36.0,31.848505318164825,0.9,0.7962126329541206,0.8688637898862361,http://oia.yonsei.ac.kr/partner/expReport.asp?ucode=AT000001&bgbn=A
166,DE000003,GERMANY,Freie Universitat Berlin,교환학생,교환대학,49.0,45.0,36.71399915218353,0.9183673469387755,0.7492652888200722,0.8676367295031644,http://oia.yonsei.ac.kr/partner/expReport.asp?ucode=DE000003&bgbn=A
667,US000214,UNITED STATES,University of Miami,교환학생,교환대학,12.0,11.0,9.031297266483307,0.9166666666666666,0.7526081055402756,0.8674490983287493,http://oia.yonsei.ac.kr/partner/expReport.asp?ucode=US000214&bgbn=A
480,US000022,UNITED STATES,CSU Chico,교환학생,교환대학,21.0,19.0,16.284026086330414,0.9047619047619048,0.7754298136347816,0.8659622774237677,http://oia.yonsei.ac.kr/partner/expReport.asp?ucode=US000022&bgbn=A
120,FI000007,FINLAND,University of Helsinki,교환학생,교환대학ISEP,30.0,28.0,20.996371388435364,0.9333333333333333,0.6998790462811788,0.863297047217687,http://oia.yonsei.ac.kr/partner/expReport.asp?ucode=FI000007&bgbn=A
313,US000290,NETHERLANDS,University of Groningen,교환학생,교환대학,8.0,8.0,4.335961639881134,1.0,0.5419952049851418,0.8625985614955425,http://oia.yonsei.ac.kr/partner/expReport.asp?ucode=US000290&bgbn=A
475,US000055,UNITED STATES,Cornell College,교환학생,교환대학,10.0,10.0,5.366041302680969,1.0,0.536604130268097,0.860981239080429,http://oia.yonsei.ac.kr/partner/expReport.asp?ucode=US000055&bgbn=A
208,IE000002,IRELAND,Dublin Institute of Technology,교환학생,교환대학,24.0,22.0,17.512728452682495,0.9166666666666666,0.7296970188617706,0.8605757723251978,http://oia.yonsei.ac.kr/partner/expReport.asp?ucode=IE000002&bgbn=A
421,GB000041,UNITED KINGDOM,University of Leeds,,교환대학ISEP,12.0,11.0,8.74409931898117,0.9166666666666666,0.7286749432484309,0.8602691496411958,http://oia.yonsei.ac.kr/partner/expReport.asp?ucode=GB000041&bgbn=A
610,US000163,UNITED STATES,St. Cloud State University,교환학생방문학생SAP(정규),교환대학,86.0,80.0,59.523070484399796,0.9302325581395349,0.6921287265627883,0.8588014086665109,http://oia.yonsei.ac.kr/partner/expReport.asp?ucode=US000163&bgbn=A
342,ES000002,SPAIN,La Universidad de Rey Juan Carlos,교환학생,USAC,39.0,36.0,27.61008596420288,0.9230769230769231,0.7079509221590482,0.8585391228015606,http://oia.yonsei.ac.kr/partner/expReport.asp?ucode=ES000002&bgbn=A
371,SE000010,SWEDEN,Uppsala University,교환학생,교환대학,36.0,32.0,27.968223303556442,0.8888888888888888,0.7768950917654567,0.8552907497518591,http://oia.yonsei.ac.kr/partner/expReport.asp?ucode=SE000010&bgbn=A
87,CN000010,CHINA,Shandong University,교환학생,교환대학,8.0,7.0,6.468337118625641,0.875,0.8085421398282051,0.8550626419484615,http://oia.yonsei.ac.kr/partner/expReport.asp?ucode=CN000010&bgbn=A
301,NL000014,NETHERLANDS,Erasmus School of Economics,,교환대학ISEP,10.0,9.0,7.492928355932236,0.9,0.7492928355932236,0.854787850677967,http://oia.yonsei.ac.kr/partner/expReport.asp?ucode=NL000014&bgbn=A
221,IT000003,ITALY,Universita Cattolica del Sacro Cuore,교환학생,ISEP,6.0,6.0,3.092776834964752,1.0,0.5154628058274587,0.8546388417482376,http://oia.yonsei.ac.kr/partner/expReport.asp?ucode=IT000003&bgbn=A
687,US000284,UNITED STATES,University of Pittsburgh,교환학생,교환대학,22.0,20.0,15.796089231967926,0.9090909090909091,0.7180040559985421,0.8517648531631989,http://oia.yonsei.ac.kr/partner/expReport.asp?ucode=US000284&bgbn=A
511,US000070,UNITED STATES,George Mason University,교환학생,교환대학,93.0,83.0,70.36242890357971,0.8924731182795699,0.7565852570277388,0.8517067599040204,http://oia.yonsei.ac.kr/partner/expReport.asp?ucode=US000070&bgbn=A
676,US000223,UNITED STATES,University of North Carolina at Chapel Hill,교환학생,교환대학ISEP,63.0,56.0,47.396314680576324,0.8888888888888888,0.7523224552472433,0.8479189587963951,http://oia.yonsei.ac.kr/partner/expReport.asp?ucode=US000223&bgbn=A
215,IL000001,ISRAEL,The Hebrew University of Jerusalem,교환학생,교환대학,15.0,14.0,9.695711225271225,0.9333333333333333,0.646380748351415,0.8472475578387578,http://oia.yonsei.ac.kr/partner/expReport.asp?ucode=IL000001&bgbn=A
552,US000109,UNITED STATES,Middle Tennessee State University,교환학생,교환대학,19.0,17.0,13.812995791435242,0.8947368421052632,0.7269997784965917,0.8444157230226617,http://oia.yonsei.ac.kr/partner/expReport.asp?ucode=US000109&bgbn=A
520,US000078,UNITED STATES,Hendrix College,교환학생,ISEP,10.0,9.0,7.120137989521027,0.9,0.7120137989521027,0.8436041396856309,http://oia.yonsei.ac.kr/partner/expReport.asp?ucode=US000078&bgbn=A
389,TH000003,THAILAND,Thammasat University,교환학생,교환대학ISEP,7.0,6.0,5.681051671504974,0.8571428571428571,0.8115788102149963,0.8434736430644989,http://oia.yonsei.ac.kr/partner/expReport.asp?ucode=TH000003&bgbn=A
533,US000090,UNITED STATES,James Madison University,교환학생,교환대학,18.0,16.0,13.021862238645554,0.8888888888888888,0.7234367910358641,0.8392532595329814,http://oia.yonsei.ac.kr/partner/expReport.asp?ucode=US000090&bgbn=A
728,US000271,UNITED STATES,Western Kentucky University,교환학생,교환대학,20.0,17.0,16.276685535907745,0.85,0.8138342767953872,0.8391502830386162,http://oia.yonsei.ac.kr/partner/expReport.asp?ucode=US000271&bgbn=A
207,IE000001,IRELAND,Athlone Institute of Technology,교환학생,교환대학,11.0,10.0,7.391776144504547,0.9090909090909091,0.6719796495004133,0.8379575312137604,http://oia.yonsei.ac.kr/partner/expReport.asp?ucode=IE000001&bgbn=A
538,US000095,UNITED STATES,King College,교환학생,교환대학,9.0,8.0,6.45596569776535,0.8888888888888888,0.7173295219739279,0.8374210788144005,http://oia.yonsei.ac.kr/partner/expReport.asp?ucode=US000095&bgbn=A
111,DK000003,DENMARK,University of Copenhagen,교환학생,교환대학,72.0,65.0,49.14911192655563,0.9027777777777778,0.6826265545354949,0.8367324108050929,http://oia.yonsei.ac.kr/partner/expReport.asp?ucode=DK000003&bgbn=A
561,US000118,UNITED STATES,Muskingum College,교환학생,교환대학,17.0,16.0,10.07533198595047,0.9411764705882353,0.5926665874088511,0.83662350563442,http://oia.yonsei.ac.kr/partner/expReport.asp?ucode=US000118&bgbn=A
234,JP000006,JAPAN,Hokkaido University,교환학생,교환대학,9.0,8.0,6.420189410448074,0.8888888888888888,0.7133543789386749,0.8362285359038246,http://oia.yonsei.ac.kr/partner/expReport.asp?ucode=JP000006&bgbn=A
601,US000037,UNITED STATES,San Francisco State University,교환학생,교환대학,67.0,60.0,46.72753405570984,0.8955223880597015,0.697425881428505,0.8360934360703426,http://oia.yonsei.ac.kr/partner/expReport.asp?ucode=US000037&bgbn=A
367,SE000007,SWEDEN,Stockholm School of Economics,교환학생,교환대학,19.0,17.0,13.140793055295944,0.8947368421052632,0.6916206871208391,0.8338019956099358,http://oia.yonsei.ac.kr/partner/expReport.asp?ucode=SE000007&bgbn=A
170,DE000006,GERMANY,Leibniz Universitat Hannover,교환학생,교환대학,23.0,20.0,17.230740189552307,0.8695652173913043,0.7491626169370569,0.83344443725503,http://oia.yonsei.ac.kr/partner/expReport.asp?ucode=DE000006&bgbn=A
451,US000014,UNITED STATES,Biola University,교환학생,교환대학,16.0,14.0,11.777379274368286,0.875,0.7360862046480179,0.8333258613944052,http://oia.yonsei.ac.kr/partner/expReport.asp?ucode=US000014&bgbn=A
182,DE000015,GERMANY,University of Erfurt,교환학생,교환대학,27.0,25.0,16.354530036449432,0.9259259259259259,0.6057233346833123,0.8298651485531419,http://oia.yonsei.ac.kr/partner/expReport.asp?ucode=DE000015&bgbn=A
649,US000197,UNITED STATES,University of Chicago,교환학생,교환대학,13.0,12.0,7.81555837392807,0.9230769230769231,0.6011967979944669,0.8265128855521863,http://oia.yonsei.ac.kr/partner/expReport.asp?ucode=US000197&bgbn=A
716,US000259,UNITED STATES,Virginia Polytechnich Institute and State University,교환학생,ISEP,6.0,5.0,4.859520673751831,0.8333333333333334,0.8099201122919718,0.826309367020925,http://oia.yonsei.ac.kr/partner/expReport.asp?ucode=US000259&bgbn=A
114,FI000014,FINLAND,Aalto University,교환학생,교환대학,73.0,65.0,49.25960153341293,0.8904109589041096,0.674789062101547,0.8257243898633407,http://oia.yonsei.ac.kr/partner/expReport.asp?ucode=FI000014&bgbn=A
659,US000207,UNITED STATES,University of Illinois at Urbana-Champaign,교환학생,교환대학ISEP,117.0,104.0,79.16307502985,0.8888888888888888,0.6766074788876069,0.8252044658885042,http://oia.yonsei.ac.kr/partner/expReport.asp?ucode=US000207&bgbn=A
311,NL000007,NETHERLANDS,Tilburg University,교환학생,교환대학ISEP,58.0,51.0,40.302020728588104,0.8793103448275862,0.6948624263549673,0.8239759692858005,http://oia.yonsei.ac.kr/partner/expReport.asp?ucode=NL000007&bgbn=A
57,CA000011,CANADA,University of Alberta,교환학생방문학생SAP(정규),교환대학,91.0,82.0,58.574089258909225,0.9010989010989011,0.6436713105374641,0.82387062393047,http://oia.yonsei.ac.kr/partner/expReport.asp?ucode=CA000011&bgbn=A
81,CN000006,CHINA,Jilin University,교환학생,교환대학,7.0,6.0,5.214010298252106,0.8571428571428571,0.744858614036015,0.8234575842108045,http://oia.yonsei.ac.kr/partner/expReport.asp?ucode=CN000006&bgbn=A
253,JP000022,JAPAN,Rikkyo University,교환학생,교환대학,31.0,28.0,19.723101645708084,0.9032258064516129,0.6362290853454221,0.8231267901197556,http://oia.yonsei.ac.kr/partner/expReport.asp?ucode=JP000022&bgbn=A
471,US000051,UNITED STATES,College of William & Mary,교환학생,교환대학,29.0,26.0,18.822402387857437,0.896551724137931,0.6490483582019806,0.8223007143571458,http://oia.yonsei.ac.kr/partner/expReport.asp?ucode=US000051&bgbn=A
61,CA000014,CANADA,University of Montreal,교환학생,교환대학,13.0,12.0,7.591848790645599,0.9230769230769231,0.5839883685112,0.8213503567072061,http://oia.yonsei.ac.kr/partner/expReport.asp?ucode=CA000014&bgbn=A
397,GB000029,UNITED KINGDOM,Kingston University,교환학생,교환대학,39.0,34.0,27.38651806116104,0.8717948717948718,0.7022184118246421,0.8209219338038029,http://oia.yonsei.ac.kr/partner/expReport.asp?ucode=GB000029&bgbn=A
318,NZ000002,NEW ZEALAND,University of Auckland,교환학생방문학생SAP(정규),교환대학SAF,39.0,33.0,29.447844982147217,0.8461538461538461,0.755072948260185,0.8188295767857479,http://oia.yonsei.ac.kr/partner/expReport.asp?ucode=NZ000002&bgbn=A
663,US000211,UNITED STATES,University of Maryland at College Park,교환학생,교환대학,67.0,58.0,47.41982728242874,0.8656716417910447,0.7077586161556528,0.8182977341004272,http://oia.yonsei.ac.kr/partner/expReport.asp?ucode=US000211&bgbn=A
629,US000180,UNITED STATES,Towson University,교환학생,교환대학,18.0,15.0,14.019603461027145,0.8333333333333334,0.7788668589459525,0.8169933910171191,http://oia.yonsei.ac.kr/partner/expReport.asp?ucode=US000180&bgbn=A
66,CA000017,CANADA,University of Waterloo,교환학생,교환대학,7.0,6.0,4.9360896944999695,0.8571428571428571,0.7051556706428528,0.8115467011928558,http://oia.yonsei.ac.kr/partner/expReport.asp?ucode=CA000017&bgbn=A
635,US000185,UNITED STATES,University of Alabama,교환학생,교환대학,19.0,17.0,11.64844834804535,0.8947368421052632,0.6130762288444921,0.8102386581270318,http://oia.yonsei.ac.kr/partner/expReport.asp?ucode=US000185&bgbn=A
321,NZ000005,NEW ZEALAND,University of Waikato,교환학생,교환대학,19.0,16.0,13.92870318889618,0.8421052631578947,0.7330896415208515,0.8094005766667818,http://oia.yonsei.ac.kr/partner/expReport.asp?ucode=NZ000005&bgbn=A
507,US000066,UNITED STATES,Emory University,교환학생,교환대학,49.0,43.0,31.816997081041336,0.8775510204081632,0.64932647104166,0.8090836555982122,http://oia.yonsei.ac.kr/partner/expReport.asp?ucode=US000066&bgbn=A
258,JP000027,JAPAN,Surugadai University,교환학생,교환대학,13.0,11.0,9.352962404489517,0.8461538461538461,0.7194586464991937,0.8081452862574504,http://oia.yonsei.ac.kr/partner/expReport.asp?ucode=JP000027&bgbn=A
697,US000241,UNITED STATES,University of Tennessee Knoxville,교환학생,ISEP,17.0,15.0,10.757086545228958,0.8823529411764706,0.632769796778174,0.8074779978569815,http://oia.yonsei.ac.kr/partner/expReport.asp?ucode=US000241&bgbn=A
620,US000173,UNITED STATES,SUNY at Stony Brook,교환학생,교환대학,66.0,56.0,46.791345834732056,0.8484848484848485,0.7089597853747281,0.8066273295518123,http://oia.yonsei.ac.kr/partner/expReport.asp?ucode=US000173&bgbn=A
337,SG000002,SINGAPORE,National University of Singapore,교환학생,교환대학,101.0,87.0,68.42530804872513,0.8613861386138614,0.67747829751213,0.806213786283342,http://oia.yonsei.ac.kr/partner/expReport.asp?ucode=SG000002&bgbn=A
64,CA000015,CANADA,University of Toronto,교환학생,교환대학,102.0,88.0,68.26574611663818,0.8627450980392157,0.6692720207513547,0.8047031748528574,http://oia.yonsei.ac.kr/partner/expReport.asp?ucode=CA000015&bgbn=A
138,FR000006,FRANCE,Pole ESG-Paris Graduate School of Management,교환학생,교환대학,27.0,22.0,21.046674370765686,0.8148148148148148,0.7795064581765069,0.8042223078233224,http://oia.yonsei.ac.kr/partner/expReport.asp?ucode=FR000006&bgbn=A
496,US000058,UNITED STATES,Dickinson College,교환학생,교환대학,21.0,18.0,14.295178353786469,0.8571428571428571,0.6807227787517366,0.804216833625521,http://oia.yonsei.ac.kr/partner/expReport.asp?ucode=US000058&bgbn=A
446,US000009,UNITED STATES,Baylor University,교환학생,교환대학,48.0,43.0,28.219400882720947,0.8958333333333334,0.5879041850566864,0.8034545888503393,http://oia.yonsei.ac.kr/partner/expReport.asp?ucode=US000009&bgbn=A
704,US000248,UNITED STATES,University of Vermont,교환학생,ISEPSAF,13.0,11.0,9.149394512176514,0.8461538461538461,0.7037995778597318,0.8034475656656118,http://oia.yonsei.ac.kr/partner/expReport.asp?ucode=US000248&bgbn=A
438,US000003,UNITED STATES,American University,교환학생방문학생SAP(정규),교환대학SAF,113.0,93.0,85.56673896312714,0.8230088495575221,0.7572277784347534,0.8032745282206913,http://oia.yonsei.ac.kr/partner/expReport.asp?ucode=US000003&bgbn=A
512,US000071,UNITED STATES,George Washington University,교환학생,교환대학,39.0,32.0,29.75106179714203,0.8205128205128205,0.7628477383882571,0.8032132958754514,http://oia.yonsei.ac.kr/partner/expReport.asp?ucode=US000071&bgbn=A
688,US000232,UNITED STATES,University of Richmond,교환학생SAP(정규),교환대학SAF,28.0,23.0,21.233281135559082,0.8214285714285714,0.75833146912711,0.802499440738133,http://oia.yonsei.ac.kr/partner/expReport.asp?ucode=US000232&bgbn=A
359,SE000001,SWEDEN,Jonkoping International Business School,교환학생,교환대학,47.0,40.0,32.26872792840004,0.851063829787234,0.6865686793276604,0.8017152846493619,http://oia.yonsei.ac.kr/partner/expReport.asp?ucode=SE000001&bgbn=A
255,JP000024,JAPAN,Ritsumeikan University,교환학생,교환대학,18.0,15.0,13.031594455242157,0.8333333333333334,0.7239774697356753,0.800526574254036,http://oia.yonsei.ac.kr/partner/expReport.asp?ucode=JP000024&bgbn=A
7,AU000001,AUSTRALIA,Bond University,교환학생,교환대학,19.0,16.0,13.359808802604675,0.8421052631578947,0.7031478317160356,0.8004180337253369,http://oia.yonsei.ac.kr/partner/expReport.asp?ucode=AU000001&bgbn=A
275,LT000001,LITHUANIA,Kaunas University of Technology,교환학생,교환대학,35.0,29.0,25.665372490882874,0.8285714285714286,0.7332963568823678,0.7999889070647103,http://oia.yonsei.ac.kr/partner/expReport.asp?ucode=LT000001&bgbn=A
409,GB000005,UNITED KINGDOM,University of Brighton,교환학생,USAC,41.0,35.0,27.6363767683506,0.8536585365853658,0.6740579699597707,0.7997783665976873,http://oia.yonsei.ac.kr/partner/expReport.asp?ucode=GB000005&bgbn=A
119,FI000013,FINLAND,University of Eastern Finland,교환학생,교환대학,38.0,31.0,28.936879217624664,0.8157894736842105,0.7614968215164385,0.7995016780338788,http://oia.yonsei.ac.kr/partner/expReport.asp?ucode=FI000013&bgbn=A
675,US000222,UNITED STATES,University of North Carolina at Asheville,교환학생,ISEP,11.0,9.0,8.217390596866608,0.8181818181818182,0.7470355088060553,0.7968379253690894,http://oia.yonsei.ac.kr/partner/expReport.asp?ucode=US000222&bgbn=A
526,US000083,UNITED STATES,Illinois Institute of Technology,방문학생SAP(정규),,17.0,15.0,10.133790135383606,0.8823529411764706,0.5961053020813886,0.7964786494479459,http://oia.yonsei.ac.kr/partner/expReport.asp?ucode=US000083&bgbn=A
251,JP000020,JAPAN,Nihon University,교환학생,교환대학,6.0,5.0,4.2377230525016785,0.8333333333333334,0.7062871754169464,0.7952194859584173,http://oia.yonsei.ac.kr/partner/expReport.asp?ucode=JP000020&bgbn=A
99,CN000020,CHINA,Zhejiang Normal University,교환학생,교환대학,37.0,31.0,25.689673364162445,0.8378378378378378,0.6943154963287147,0.7947811353851009,http://oia.yonsei.ac.kr/partner/expReport.asp?ucode=CN000020&bgbn=A
309,NL000006,NETHERLANDS,Saxion University,교환학생,교환대학,32.0,26.0,24.10100680589676,0.8125,0.7531564626842737,0.794696938805282,http://oia.yonsei.ac.kr/partner/expReport.asp?ucode=NL000006&bgbn=A
9,AU000003,AUSTRALIA,Curtin University of Technology,교환학생,,16.0,14.0,9.696669936180115,0.875,0.6060418710112572,0.794312561303377,http://oia.yonsei.ac.kr/partner/expReport.asp?ucode=AU000003&bgbn=A
668,US000215,UNITED STATES,University of Michigan,교환학생,교환대학,38.0,32.0,25.93419176340103,0.8421052631578947,0.6824787306158167,0.7942173033952713,http://oia.yonsei.ac.kr/partner/expReport.asp?ucode=US000215&bgbn=A
425,GB000017,UNITED KINGDOM,University of Sheffield,교환학생,교환대학,89.0,76.0,58.18052613735199,0.8539325842696629,0.6537137768241796,0.7938669420360179,http://oia.yonsei.ac.kr/partner/expReport.asp?ucode=GB000017&bgbn=A
570,US000127,UNITED STATES,North Central College,교환학생,교환대학,22.0,19.0,13.805211812257767,0.8636363636363636,0.6275096278298985,0.7927983428944241,http://oia.yonsei.ac.kr/partner/expReport.asp?ucode=US000127&bgbn=A
303,NL000001,NETHERLANDS,"Erasmus University, Rotterdam",교환학생,교환대학,56.0,46.0,40.535025000572205,0.8214285714285714,0.7238397321530751,0.7921519196459225,http://oia.yonsei.ac.kr/partner/expReport.asp?ucode=NL000001&bgbn=A
407,GB000036,UNITED KINGDOM,University of Bath,교환학생,교환대학,12.0,10.0,8.34754341840744,0.8333333333333334,0.69562861820062,0.7920219187935194,http://oia.yonsei.ac.kr/partner/expReport.asp?ucode=GB000036&bgbn=A
325,NO000003,NORWAY,University of Oslo,교환학생,교환대학USAC,75.0,62.0,53.145104825496674,0.8266666666666667,0.708601397673289,0.7912470859686533,http://oia.yonsei.ac.kr/partner/expReport.asp?ucode=NO000003&bgbn=A
654,US000202,UNITED STATES,University of Georgia,교환학생,교환대학,74.0,61.0,52.68645402789116,0.8243243243243243,0.7119791084850157,0.7906207595725318,http://oia.yonsei.ac.kr/partner/expReport.asp?ucode=US000202&bgbn=A
35,AT000006,AUSTRIA,Vienna University of Economics and Business,교환학생,교환대학,44.0,35.0,34.2231670320034,0.7954545454545454,0.77779925072735,0.7901579570363868,http://oia.yonsei.ac.kr/partner/expReport.asp?ucode=AT000006&bgbn=A
600,US000040,UNITED STATES,San Diego State University,교환학생SAP(정규),교환대학ISEP,70.0,59.0,46.31579154729843,0.8428571428571429,0.6616541649614062,0.7884962494884218,http://oia.yonsei.ac.kr/partner/expReport.asp?ucode=US000040&bgbn=A
530,US000087,UNITED STATES,Iowa State University,교환학생,교환대학,17.0,15.0,9.670300453901291,0.8823529411764706,0.5688412031706642,0.7882994197747286,http://oia.yonsei.ac.kr/partner/expReport.asp?ucode=US000087&bgbn=A
588,US000147,UNITED STATES,Purdue University,교환학생방문학생SAP(정규),교환대학SAF,51.0,42.0,35.52003738284111,0.8235294117647058,0.6964713212321786,0.7854119846049477,http://oia.yonsei.ac.kr/partner/expReport.asp?ucode=US000147&bgbn=A
266,JP000034,JAPAN,Waseda University,교환학생,교환대학,39.0,32.0,27.397037595510483,0.8205128205128205,0.7024881434746277,0.7851054174013626,http://oia.yonsei.ac.kr/partner/expReport.asp?ucode=JP000034&bgbn=A
329,PL000002,POLAND,Warsaw School of Economics,교환학생,교환대학,16.0,13.0,11.5161671936512,0.8125,0.7197604496032,0.7846781348809599,http://oia.yonsei.ac.kr/partner/expReport.asp?ucode=PL000002&bgbn=A
418,GB000032,UNITED KINGDOM,University of Hertfordshire,교환학생,교환대학,25.0,20.0,18.69444441795349,0.8,0.7477777767181396,0.7843333330154418,http://oia.yonsei.ac.kr/partner/expReport.asp?ucode=GB000032&bgbn=A
396,GB000026,UNITED KINGDOM,King's College London,교환학생SAP(정규)SAP(계절),교환대학,53.0,43.0,37.6404484808445,0.8113207547169812,0.7101971411480094,0.7809836706462896,http://oia.yonsei.ac.kr/partner/expReport.asp?ucode=GB000026&bgbn=A
709,US000283,UNITED STATES,University of Wisconsin-Madison,교환학생,교환대학,57.0,46.0,40.70910236239433,0.8070175438596491,0.7141947782876199,0.7791707141880403,http://oia.yonsei.ac.kr/partner/expReport.asp?ucode=US000283&bgbn=A
227,IT000007,ITALY,University of Torino,교환학생,USAC,34.0,28.0,22.81263080239296,0.8235294117647058,0.6709597294821459,0.7777585070799378,http://oia.yonsei.ac.kr/partner/expReport.asp?ucode=IT000007&bgbn=A
683,US000230,UNITED STATES,University of Northern Colorado,교환학생,ISEP,11.0,10.0,5.110761284828186,0.9090909090909091,0.46461466225710785,0.7757480350407687,http://oia.yonsei.ac.kr/partner/expReport.asp?ucode=US000230&bgbn=A
32,AT000008,AUSTRIA,Universities of Applied Sciences Upper Austria,교환학생,교환대학,10.0,8.0,7.186463862657547,0.8,0.7186463862657547,0.7755939158797264,http://oia.yonsei.ac.kr/partner/expReport.asp?ucode=AT000008&bgbn=A
304,NL000003,NETHERLANDS,Inholland University of Applied Sciences,교환학생,교환대학,46.0,37.0,32.43964037299156,0.8043478260869565,0.7052095733259035,0.7746063502586406,http://oia.yonsei.ac.kr/partner/expReport.asp?ucode=NL000003&bgbn=A
652,US000200,UNITED STATES,University of Connecticut,교환학생,교환대학,33.0,26.0,24.517746448516846,0.7878787878787878,0.7429620135914196,0.7744037555925772,http://oia.yonsei.ac.kr/partner/expReport.asp?ucode=US000200&bgbn=A
129,FR000003,FRANCE,ESCEM (France Business School) Tours-Poitiers,교환학생,교환대학,17.0,13.0,13.512000054121017,0.7647058823529411,0.794823532595354,0.7737411774256648,http://oia.yonsei.ac.kr/partner/expReport.asp?ucode=FR000003&bgbn=A
305,NL000004,NETHERLANDS,Leiden University,교환학생,교환대학,31.0,25.0,21.45569634437561,0.8064516129032258,0.6921192369153423,0.7721519001068606,http://oia.yonsei.ac.kr/partner/expReport.asp?ucode=NL000004&bgbn=A
495,US000057,UNITED STATES,Dartmouth College,,교환대학,14.0,12.0,7.967277646064758,0.8571428571428571,0.569091260433197,0.7707273781299591,http://oia.yonsei.ac.kr/partner/expReport.asp?ucode=US000057&bgbn=A
670,US000217,UNITED STATES,University of Minnesota Twin Cities,교환학생방문학생SAP(정규),ISEPSAF,14.0,11.0,10.263747185468674,0.7857142857142857,0.7331247989620481,0.7699374396886144,http://oia.yonsei.ac.kr/partner/expReport.asp?ucode=US000217&bgbn=A
132,FR000009,FRANCE,Institut National des Sciences Appliquees de Lyon (INSA-Lyon),교환학생,교환대학ISEP,11.0,9.0,7.224686503410339,0.8181818181818182,0.6567896821282126,0.7697641773657365,http://oia.yonsei.ac.kr/partner/expReport.asp?ucode=FR000009&bgbn=A
590,US000149,UNITED STATES,Randolph-Macon College,교환학생,교환대학,10.0,8.0,6.948341220617294,0.8,0.6948341220617295,0.7684502366185187,http://oia.yonsei.ac.kr/partner/expReport.asp?ucode=US000149&bgbn=A
693,US000237,UNITED STATES,University of South Florida,교환학생,교환대학,69.0,56.0,46.044058591127396,0.8115942028985508,0.6673051969728608,0.7683075011208438,http://oia.yonsei.ac.kr/partner/expReport.asp?ucode=US000237&bgbn=A
656,US000204,UNITED STATES,University of Hawaii at Manoa,교환학생,교환대학,79.0,65.0,50.503442257642746,0.8227848101265823,0.6392840792106677,0.7677345908518078,http://oia.yonsei.ac.kr/partner/expReport.asp?ucode=US000204&bgbn=A
642,US000291,UNITED STATES,University of California Merced,교환학생,교환대학,12.0,10.0,7.368432819843292,0.8333333333333334,0.6140360683202744,0.7675441538294157,http://oia.yonsei.ac.kr/partner/expReport.asp?ucode=US000291&bgbn=A
627,US000233,UNITED STATES,The University of Scranton,교환학생,교환대학,33.0,26.0,23.76008027791977,0.7878787878787878,0.7200024326642355,0.767515881314422,http://oia.yonsei.ac.kr/partner/expReport.asp?ucode=US000233&bgbn=A
391,TR000002,TURKEY,Kadir Has University,교환학생,교환대학,6.0,5.0,3.674649715423584,0.8333333333333334,0.612441619237264,0.7670658191045125,http://oia.yonsei.ac.kr/partner/expReport.asp?ucode=TR000002&bgbn=A
15,AU000008,AUSTRALIA,Murdoch University,교환학생,교환대학,9.0,7.0,6.646777451038361,0.7777777777777778,0.7385308278931512,0.7660036928123898,http://oia.yonsei.ac.kr/partner/expReport.asp?ucode=AU000008&bgbn=A
121,FI000009,FINLAND,"University of Jyvaskyla, School of Business & Economics",교환학생,교환대학ISEP,28.0,22.0,20.157699435949326,0.7857142857142857,0.7199178369981902,0.765975351099457,http://oia.yonsei.ac.kr/partner/expReport.asp?ucode=FI000009&bgbn=A
664,US000212,UNITED STATES,University of Massachusetts Amherst,교환학생,교환대학,63.0,50.0,44.0998515188694,0.7936507936507936,0.6999976431566571,0.7655548485025526,http://oia.yonsei.ac.kr/partner/expReport.asp?ucode=US000212&bgbn=A
562,US000119,UNITED STATES,Nebraska Wesleyan University,교환학생,ISEP,7.0,6.0,3.860870122909546,0.8571428571428571,0.5515528747013637,0.7654658624104091,http://oia.yonsei.ac.kr/partner/expReport.asp?ucode=US000119&bgbn=A
639,US000189,UNITED STATES,University of California Davis,교환학생,교환대학,155.0,124.0,105.91061297059059,0.8,0.6832942772296167,0.7649882831688849,http://oia.yonsei.ac.kr/partner/expReport.asp?ucode=US000189&bgbn=A
315,NL000011,NETHERLANDS,Utrecht University,교환학생,ISEP,6.0,5.0,3.632404386997223,0.8333333333333334,0.6054007311662039,0.7649535526831945,http://oia.yonsei.ac.kr/partner/expReport.asp?ucode=NL000011&bgbn=A
494,US000046,UNITED STATES,CUNY - Baruch College,교환학생,교환대학,69.0,55.0,47.05959141254425,0.7971014492753623,0.6820230639499166,0.7625779336777285,http://oia.yonsei.ac.kr/partner/expReport.asp?ucode=US000046&bgbn=A
316,NL000012,NETHERLANDS,Vrije Universiteit Amsterdam,교환학생,교환대학ISEP,22.0,17.0,16.209772378206253,0.7727272727272727,0.7368078353730115,0.7619514415209944,http://oia.yonsei.ac.kr/partner/expReport.asp?ucode=NL000012&bgbn=A
317,NZ000001,NEW ZEALAND,"Massey University (Auckland, Palmerston North, Wellington)",교환학생,ISEP,9.0,7.0,6.509318798780441,0.7777777777777778,0.7232576443089379,0.7614217377371257,http://oia.yonsei.ac.kr/partner/expReport.asp?ucode=NZ000001&bgbn=A
678,US000225,UNITED STATES,University of North Carolina at Greensboro,교환학생,교환대학ISEP,48.0,36.0,37.70690920948982,0.75,0.7855606085310379,0.7606681825593113,http://oia.yonsei.ac.kr/partner/expReport.asp?ucode=US000225&bgbn=A
514,US000073,UNITED STATES,Georgia Institute of Technology,교환학생,교환대학,62.0,48.0,44.93562710285187,0.7741935483870968,0.724768179078256,0.7593659375944445,http://oia.yonsei.ac.kr/partner/expReport.asp?ucode=US000073&bgbn=A
619,US000172,UNITED STATES,SUNY at Albany,교환학생,교환대학,223.0,177.0,150.85559013485909,0.7937219730941704,0.6764824669724623,0.7585501212576579,http://oia.yonsei.ac.kr/partner/expReport.asp?ucode=US000172&bgbn=A
410,GB000006,UNITED KINGDOM,University of Bristol,교환학생방문학생SAP(정규),교환대학SAF,14.0,11.0,9.643553614616394,0.7857142857142857,0.6888252581868853,0.7566475774560655,http://oia.yonsei.ac.kr/partner/expReport.asp?ucode=GB000006&bgbn=A
67,CA000018,CANADA,"University of Western Ontario, Richard Ivey School of Business",교환학생,교환대학,14.0,12.0,7.273669809103012,0.8571428571428571,0.519547843507358,0.7558643530522073,http://oia.yonsei.ac.kr/partner/expReport.asp?ucode=CA000018&bgbn=A
235,JP000007,JAPAN,Hosei University,,교환대학,30.0,24.0,19.54400873184204,0.8,0.6514669577280681,0.7554400873184204,http://oia.yonsei.ac.kr/partner/expReport.asp?ucode=JP000007&bgbn=A
582,US000137,UNITED STATES,Old Dominion University,교환학생,교환대학ISEP,36.0,28.0,25.300504237413406,0.7777777777777778,0.7027917843725946,0.7552819797562228,http://oia.yonsei.ac.kr/partner/expReport.asp?ucode=US000137&bgbn=A
698,US000242,UNITED STATES,University of Texas at Arlington,교환학생,교환대학,58.0,46.0,38.280956119298935,0.7931034482758621,0.6600164848154989,0.7531773592377531,http://oia.yonsei.ac.kr/partner/expReport.asp?ucode=US000242&bgbn=A
52,CA000006,CANADA,McGill University,교환학생,교환대학,41.0,33.0,25.930374085903168,0.8048780487804879,0.6324481484366626,0.7531490786773402,http://oia.yonsei.ac.kr/partner/expReport.asp?ucode=CA000006&bgbn=A
375,CH000005,SWITZERLAND,University of Geneva,교환학생SAP(계절),교환대학,23.0,17.0,18.024733543395996,0.7391304347826086,0.7836840671041737,0.7524965244790781,http://oia.yonsei.ac.kr/partner/expReport.asp?ucode=CH000005&bgbn=A
23,AU000015,AUSTRALIA,University of Sydney,교환학생,교환대학,56.0,44.0,37.41153106093407,0.7857142857142857,0.6680630546595369,0.750418916397861,http://oia.yonsei.ac.kr/partner/expReport.asp?ucode=AU000015&bgbn=A
21,AU000013,AUSTRALIA,University of Queensland,교환학생방문학생SAP(정규),교환대학SAF,61.0,48.0,40.56454849243164,0.7868852459016393,0.6649925982365843,0.7503174516021227,http://oia.yonsei.ac.kr/partner/expReport.asp?ucode=AU000013&bgbn=A
33,AT000007,AUSTRIA,University of Applied Sciences Wiener Neustadt,교환학생,교환대학,13.0,10.0,9.164091885089874,0.7692307692307693,0.7049301450069134,0.7499405819636125,http://oia.yonsei.ac.kr/partner/expReport.asp?ucode=AT000007&bgbn=A
621,US000174,UNITED STATES,Syracuse University,교환학생,교환대학,35.0,27.0,24.32923349738121,0.7714285714285715,0.6951209570680346,0.7485362871204104,http://oia.yonsei.ac.kr/partner/expReport.asp?ucode=US000174&bgbn=A
669,US000216,UNITED STATES,University of Minnesota Morris,교환학생,교환대학,34.0,27.0,21.827039897441864,0.7941176470588235,0.6419717616894666,0.7484738814480163,http://oia.yonsei.ac.kr/partner/expReport.asp?ucode=US000216&bgbn=A
312,NL000008,NETHERLANDS,University of Amsterdam,교환학생,교환대학ISEP,70.0,55.0,46.24957317113876,0.7857142857142857,0.6607081881591252,0.7482124564477375,http://oia.yonsei.ac.kr/partner/expReport.asp?ucode=NL000008&bgbn=A
718,US000261,UNITED STATES,Washington College,교환학생,교환대학,22.0,16.0,17.47792148590088,0.7272727272727273,0.7944509766318582,0.7474262020804665,http://oia.yonsei.ac.kr/partner/expReport.asp?ucode=US000261&bgbn=A
252,JP000021,JAPAN,Osaka University,교환학생,교환대학,26.0,20.0,18.033813059329987,0.7692307692307693,0.6936081945896149,0.7465439968384229,http://oia.yonsei.ac.kr/partner/expReport.asp?ucode=JP000021&bgbn=A
380,TW000003,TAIWAN,National Sun Yat-sen University,교환학생,교환대학,11.0,8.0,8.670113325119019,0.7272727272727273,0.7881921204653654,0.7455485452305186,http://oia.yonsei.ac.kr/partner/expReport.asp?ucode=TW000003&bgbn=A
565,US000122,UNITED STATES,New York University,교환학생,교환대학,42.0,33.0,27.090138792991638,0.7857142857142857,0.645003304595039,0.7435009913785116,http://oia.yonsei.ac.kr/partner/expReport.asp?ucode=US000122&bgbn=A
110,DK000002,DENMARK,Copenhagen Business School,교환학생,USAC,8.0,6.0,5.81238979101181,0.75,0.7265487238764763,0.7429646171629428,http://oia.yonsei.ac.kr/partner/expReport.asp?ucode=DK000002&bgbn=A
10,AU000004,AUSTRALIA,Deakin University,교환학생,교환대학ISEPUSAC,24.0,18.0,17.425120294094086,0.75,0.7260466789205869,0.742814003676176,http://oia.yonsei.ac.kr/partner/expReport.asp?ucode=AU000004&bgbn=A
436,US000001,UNITED STATES,Adrian College,교환학생,교환대학,6.0,5.0,3.1834423542022705,0.8333333333333334,0.5305737257003784,0.7425054510434469,http://oia.yonsei.ac.kr/partner/expReport.asp?ucode=US000001&bgbn=A
249,JP000019,JAPAN,Nanzan University,교환학생,교환대학,12.0,9.0,8.684746384620667,0.75,0.7237288653850555,0.7421186596155166,http://oia.yonsei.ac.kr/partner/expReport.asp?ucode=JP000019&bgbn=A
96,CN000017,CHINA,Wuhan University,교환학생,교환대학,23.0,17.0,17.191001415252686,0.7391304347826086,0.7474348441414211,0.7416217575902523,http://oia.yonsei.ac.kr/partner/expReport.asp?ucode=CN000017&bgbn=A
236,JP000008,JAPAN,International Christian University,교환학생,교환대학,19.0,14.0,14.24680408835411,0.7368421052631579,0.7498317941239006,0.7407390119213806,http://oia.yonsei.ac.kr/partner/expReport.asp?ucode=JP000008&bgbn=A
594,US000153,UNITED STATES,Roanoke College,교환학생,ISEP,6.0,5.0,3.1407687067985535,0.8333333333333334,0.5234614511330923,0.740371768673261,http://oia.yonsei.ac.kr/partner/expReport.asp?ucode=US000153&bgbn=A
20,AU000012,AUSTRALIA,University of New South Wales,교환학생,교환대학,44.0,35.0,26.908133655786514,0.7954545454545454,0.6115484921769663,0.7402827294712716,http://oia.yonsei.ac.kr/partner/expReport.asp?ucode=AU000012&bgbn=A
50,CA000004,CANADA,Huron University College,교환학생,교환대학,14.0,11.0,8.858039528131485,0.7857142857142857,0.6327171091522489,0.7398151327456746,http://oia.yonsei.ac.kr/partner/expReport.asp?ucode=CA000004&bgbn=A
634,US000184,UNITED STATES,University of Akron,교환학생,교환대학,34.0,26.0,22.990320086479187,0.7647058823529411,0.6761858848964467,0.7381498831159927,http://oia.yonsei.ac.kr/partner/expReport.asp?ucode=US000184&bgbn=A
333,RU000001,RUSSIAN FEDERATION,Far Eastern Federal University,교환학생,교환대학,16.0,13.0,9.027976751327515,0.8125,0.5642485469579697,0.7380245640873908,http://oia.yonsei.ac.kr/partner/expReport.asp?ucode=RU000001&bgbn=A
490,US000030,UNITED STATES,CSU Sacramento,교환학생,교환대학,23.0,17.0,16.90411227941513,0.7391304347826086,0.7349614034528318,0.7378797253836755,http://oia.yonsei.ac.kr/partner/expReport.asp?ucode=US000030&bgbn=A
51,CA000005,CANADA,Laurentian University,교환학생,ISEP,8.0,6.0,5.638400197029114,0.75,0.7048000246286392,0.7364400073885917,http://oia.yonsei.ac.kr/partner/expReport.asp?ucode=CA000005&bgbn=A
93,CN000014,CHINA,Sun Yat-sen University,교환학생,교환대학,8.0,6.0,5.633133769035339,0.75,0.7041417211294174,0.7362425163388251,http://oia.yonsei.ac.kr/partner/expReport.asp?ucode=CN000014&bgbn=A
465,US000045,UNITED STATES,Christopher Newport University,교환학생,교환대학,6.0,5.0,3.0474332869052887,0.8333333333333334,0.5079055478175482,0.7357049976785979,http://oia.yonsei.ac.kr/partner/expReport.asp?ucode=US000045&bgbn=A
65,CA000016,CANADA,University of Victoria,교환학생,교환대학,10.0,8.0,5.853855222463608,0.8,0.5853855222463608,0.7356156566739082,http://oia.yonsei.ac.kr/partner/expReport.asp?ucode=CA000016&bgbn=A
136,FR000036,FRANCE,Paris School of Business,,교환대학ISEP,11.0,8.0,8.286747992038727,0.7272727272727273,0.7533407265489752,0.7350931270556016,http://oia.yonsei.ac.kr/partner/expReport.asp?ucode=FR000036&bgbn=A
580,US000135,UNITED STATES,Ohio State University,교환학생,교환대학,25.0,19.0,16.912310779094696,0.76,0.6764924311637879,0.7349477293491362,http://oia.yonsei.ac.kr/partner/expReport.asp?ucode=US000135&bgbn=A
706,US000250,UNITED STATES,University of Washington,교환학생SAP(정규),교환대학,167.0,130.0,105.40676659345627,0.7784431137724551,0.6311782430745885,0.734263652563095,http://oia.yonsei.ac.kr/partner/expReport.asp?ucode=US000250&bgbn=A
78,CN000003,CHINA,Fudan University,교환학생,교환대학,29.0,22.0,19.57393878698349,0.7586206896551724,0.6749634064477066,0.7335235046929326,http://oia.yonsei.ac.kr/partner/expReport.asp?ucode=CN000003&bgbn=A
324,NO000002,NORWAY,Norwegian School of Economics,교환학생,교환대학,19.0,14.0,13.728765666484833,0.7368421052631579,0.7225666140255175,0.7325594578918657,http://oia.yonsei.ac.kr/partner/expReport.asp?ucode=NO000002&bgbn=A
577,US000132,UNITED STATES,Northwest Missouri State University,교환학생,교환대학ISEP,8.0,6.0,5.50217992067337,0.75,0.6877724900841713,0.7313317470252513,http://oia.yonsei.ac.kr/partner/expReport.asp?ucode=US000132&bgbn=A
379,TW000002,TAIWAN,National Chengchi University,교환학생,교환대학,12.0,9.0,8.181061923503876,0.75,0.6817551602919897,0.7295265480875968,http://oia.yonsei.ac.kr/partner/expReport.asp?ucode=TW000002&bgbn=A
335,RU000003,RUSSIAN FEDERATION,St. Petersburg State University,교환학생,교환대학,50.0,38.0,32.808491706848145,0.76,0.6561698341369628,0.7288509502410887,http://oia.yonsei.ac.kr/partner/expReport.asp?ucode=RU000003&bgbn=A
622,US000279,UNITED STATES,Temple University,교환학생,교환대학,31.0,23.0,21.526893943548203,0.7419354838709677,0.6944159336628453,0.7276796188085309,http://oia.yonsei.ac.kr/partner/expReport.asp?ucode=US000279&bgbn=A
29,AT000003,AUSTRIA,Karl-Franzens-Universitat Graz,교환학생,ISEP,7.0,5.0,5.308657169342041,0.7142857142857143,0.7583795956202916,0.7275138786860875,http://oia.yonsei.ac.kr/partner/expReport.asp?ucode=AT000003&bgbn=A
308,NL000005,NETHERLANDS,Radboud University Nijmegen,교환학생,교환대학ISEP,8.0,6.0,5.362529397010803,0.75,0.6703161746263504,0.726094852387905,http://oia.yonsei.ac.kr/partner/expReport.asp?ucode=NL000005&bgbn=A
24,AU000016,AUSTRALIA,"University of Technology, Sydney",교환학생,교환대학,47.0,35.0,31.786488473415375,0.7446808510638298,0.6763082653918164,0.7241690753622256,http://oia.yonsei.ac.kr/partner/expReport.asp?ucode=AU000016&bgbn=A
441,US000005,UNITED STATES,Arizona State University,교환학생,교환대학,79.0,57.0,57.65453800559044,0.7215189873417721,0.7298042785517777,0.7240045747047738,http://oia.yonsei.ac.kr/partner/expReport.asp?ucode=US000005&bgbn=A
576,US000131,UNITED STATES,Northern State University,교환학생,교환대학,23.0,17.0,15.763255000114441,0.7391304347826086,0.685358913048454,0.7229989782623621,http://oia.yonsei.ac.kr/partner/expReport.asp?ucode=US000131&bgbn=A
641,US000191,UNITED STATES,University of California Los Angeles,교환학생SAP(계절),교환대학,279.0,205.0,193.17415535449982,0.7347670250896058,0.6923804851415764,0.722051063105197,http://oia.yonsei.ac.kr/partner/expReport.asp?ucode=US000191&bgbn=A
216,IT000001,ITALY,Bocconi University,교환학생,교환대학,56.0,42.0,36.398143261671066,0.75,0.6499668439584119,0.7199900531875234,http://oia.yonsei.ac.kr/partner/expReport.asp?ucode=IT000001&bgbn=A
541,US000098,UNITED STATES,Louisiana State University,교환학생,ISEP,10.0,8.0,5.253256142139435,0.8,0.5253256142139435,0.717597684264183,http://oia.yonsei.ac.kr/partner/expReport.asp?ucode=US000098&bgbn=A
638,US000188,UNITED STATES,University of California Berkeley,교환학생SAP(정규)SAP(계절),교환대학,393.0,298.0,244.5093618631363,0.7582697201017812,0.6221612261148506,0.7174371719057019,http://oia.yonsei.ac.kr/partner/expReport.asp?ucode=US000188&bgbn=A
362,SE000013,SWEDEN,Linnaeus University,교환학생,교환대학,54.0,39.0,38.10643881559372,0.7222222222222222,0.7056747928813651,0.7172579934199651,http://oia.yonsei.ac.kr/partner/expReport.asp?ucode=SE000013&bgbn=A
127,FR000005,FRANCE,Ecole Superieure du Commerce Exterieur (ESCE),교환학생,교환대학,52.0,38.0,35.64199975132942,0.7307692307692307,0.6854230721409504,0.7171653831807466,http://oia.yonsei.ac.kr/partner/expReport.asp?ucode=FR000005&bgbn=A
232,JP000005,JAPAN,Doshisha University,,교환대학,30.0,22.0,20.334629833698273,0.7333333333333333,0.677820994456609,0.716679631670316,http://oia.yonsei.ac.kr/partner/expReport.asp?ucode=JP000005&bgbn=A
338,SG000003,SINGAPORE,Singapore Management University,교환학생,교환대학,44.0,31.0,32.62673944234848,0.7045454545454546,0.74151680550792,0.7156368598341941,http://oia.yonsei.ac.kr/partner/expReport.asp?ucode=SG000003&bgbn=A
306,NL000010,NETHERLANDS,Maastricht University,교환학생,교환대학,107.0,80.0,68.57026836276054,0.7476635514018691,0.6408436295585097,0.7156175748488612,http://oia.yonsei.ac.kr/partner/expReport.asp?ucode=NL000010&bgbn=A
100,CN000023,CHINA,Zhejiang University,교환학생,교환대학,11.0,8.0,7.542782962322235,0.7272727272727273,0.6857075420292941,0.7148031716996972,http://oia.yonsei.ac.kr/partner/expReport.asp?ucode=CN000023&bgbn=A
60,CA000013,CANADA,University of Manitoba,교환학생,교환대학,46.0,34.0,29.459994852542877,0.7391304347826086,0.6404346707074539,0.7095217055600621,http://oia.yonsei.ac.kr/partner/expReport.asp?ucode=CA000013&bgbn=A
703,US000247,UNITED STATES,University of Utah,교환학생SAP(정규),교환대학ISEPSAF,38.0,28.0,24.530676037073135,0.7368421052631579,0.6455441062387667,0.7094527055558405,http://oia.yonsei.ac.kr/partner/expReport.asp?ucode=US000247&bgbn=A
387,TH000001,THAILAND,Chulalongkorn University,교환학생,교환대학,7.0,5.0,4.870806515216827,0.7142857142857143,0.6958295021738324,0.7087488506521498,http://oia.yonsei.ac.kr/partner/expReport.asp?ucode=TH000001&bgbn=A
721,US000264,UNITED STATES,Washington University in St. Louis,교환학생,교환대학,25.0,18.0,16.989374071359634,0.72,0.6795749628543853,0.7078724888563156,http://oia.yonsei.ac.kr/partner/expReport.asp?ucode=US000264&bgbn=A
453,US000015,UNITED STATES,Bowling Green State University,교환학생,교환대학,7.0,5.0,4.8248162269592285,0.7142857142857143,0.6892594609941755,0.7067778382982526,http://oia.yonsei.ac.kr/partner/expReport.asp?ucode=US000015&bgbn=A
685,US000143,UNITED STATES,University of Oregon,교환학생,교환대학,49.0,36.0,31.377559006214142,0.7346938775510204,0.6403583470655947,0.7063932184053926,http://oia.yonsei.ac.kr/partner/expReport.asp?ucode=US000143&bgbn=A
602,US000041,UNITED STATES,San Jose State University,교환학생,교환대학ISEP,25.0,18.0,16.81703245639801,0.72,0.6726812982559204,0.7058043894767762,http://oia.yonsei.ac.kr/partner/expReport.asp?ucode=US000041&bgbn=A
550,US000107,UNITED STATES,Michigan State University,교환학생,교환대학,54.0,39.0,35.950070440769196,0.7222222222222222,0.6657420451994296,0.7052781691153844,http://oia.yonsei.ac.kr/partner/expReport.asp?ucode=US000107&bgbn=A
489,US000028,UNITED STATES,CSU Northridge,교환학생,교환대학,13.0,9.0,9.507431983947754,0.6923076923076923,0.731340921842135,0.704017661168025,http://oia.yonsei.ac.kr/partner/expReport.asp?ucode=US000028&bgbn=A
133,FR000010,FRANCE,ISC PARIS - School of Management,교환학생,교환대학,69.0,50.0,44.98699629306793,0.7246376811594203,0.6519854535227236,0.7028420128684112,http://oia.yonsei.ac.kr/partner/expReport.asp?ucode=FR000010&bgbn=A
39,BE000001,BELGIUM,Universite Catholique De Louvain,교환학생,교환대학,34.0,25.0,21.29681235551834,0.7352941176470589,0.6263768339858335,0.7026189325486913,http://oia.yonsei.ac.kr/partner/expReport.asp?ucode=BE000001&bgbn=A
69,CA000020,CANADA,York University: Schulich School of Business,교환학생,,36.0,27.0,21.279434204101562,0.75,0.5910953945583768,0.7023286183675129,http://oia.yonsei.ac.kr/partner/expReport.asp?ucode=CA000020&bgbn=A
336,SG000001,SINGAPORE,Nanyang Technological University,교환학생,교환대학,81.0,58.0,54.19172379374504,0.7160493827160493,0.6690336270832721,0.7019446560262161,http://oia.yonsei.ac.kr/partner/expReport.asp?ucode=SG000001&bgbn=A
179,DE000016,GERMANY,Technische Universtat Munchen,교환학생,교환대학,47.0,32.0,35.0562487244606,0.6808510638297872,0.745877632435332,0.7003590344114506,http://oia.yonsei.ac.kr/partner/expReport.asp?ucode=DE000016&bgbn=A
139,FR000011,FRANCE,Sciences-Po,교환학생,교환대학,68.0,47.0,48.964047968387604,0.6911764705882353,0.7200595289468765,0.6998413880958276,http://oia.yonsei.ac.kr/partner/expReport.asp?ucode=FR000011&bgbn=A
8,AU000002,AUSTRALIA,Curtin University,교환학생,교환대학ISEP,7.0,5.0,4.65778660774231,0.7142857142857143,0.66539808682033,0.699619426046099,http://oia.yonsei.ac.kr/partner/expReport.asp?ucode=AU000002&bgbn=A
618,US000171,UNITED STATES,Suffolk University - Sawyer School of Management,교환학생,교환대학,13.0,9.0,9.301319062709808,0.6923076923076923,0.7154860817469083,0.699261209139457,http://oia.yonsei.ac.kr/partner/expReport.asp?ucode=US000171&bgbn=A
239,JP000011,JAPAN,Keio University,교환학생,교환대학,72.0,50.0,51.15078067779541,0.6944444444444444,0.7104275094138252,0.6992393639352585,http://oia.yonsei.ac.kr/partner/expReport.asp?ucode=JP000011&bgbn=A
485,US000019,UNITED STATES,CSU Long Beach,교환학생,교환대학,83.0,59.0,55.6165811419487,0.7108433734939759,0.6700792908668518,0.6986141487058386,http://oia.yonsei.ac.kr/partner/expReport.asp?ucode=US000019&bgbn=A
484,US000034,UNITED STATES,CSU Fullerton,교환학생,교환대학,22.0,15.0,16.18995040655136,0.6818181818181818,0.7359068366614255,0.6980447782711549,http://oia.yonsei.ac.kr/partner/expReport.asp?ucode=US000034&bgbn=A
254,JP000023,JAPAN,Ritsumeikan Asia Pacific University,교환학생,교환대학,22.0,15.0,16.135943442583084,0.6818181818181818,0.7334519746628675,0.6973083196715875,http://oia.yonsei.ac.kr/partner/expReport.asp?ucode=JP000023&bgbn=A
445,US000008,UNITED STATES,Barton College,교환학생,교환대학,9.0,7.0,4.570557743310928,0.7777777777777778,0.5078397492567698,0.6967963692214754,http://oia.yonsei.ac.kr/partner/expReport.asp?ucode=US000008&bgbn=A
559,US000116,UNITED STATES,Montana State University,교환학생SAP(정규),교환대학ISEPSAF,31.0,21.0,23.00225454568863,0.6774193548387096,0.7420082111512462,0.6967960117324705,http://oia.yonsei.ac.kr/partner/expReport.asp?ucode=US000116&bgbn=A
48,CA000002,CANADA,Brock University,교환학생,교환대학ISEP,26.0,18.0,18.371460527181625,0.6923076923076923,0.7065946356608317,0.6965937753136341,http://oia.yonsei.ac.kr/partner/expReport.asp?ucode=CA000002&bgbn=A
241,JP000013,JAPAN,Kyoto University,교환학생,교환대학,32.0,23.0,20.564531564712524,0.71875,0.6426416113972664,0.6959174834191798,http://oia.yonsei.ac.kr/partner/expReport.asp?ucode=JP000013&bgbn=A
53,CA000007,CANADA,Simon Fraser University,교환학생,교환대학,77.0,53.0,54.63703706860542,0.6883116883116883,0.7095719099818886,0.6946897548127484,http://oia.yonsei.ac.kr/partner/expReport.asp?ucode=CA000007&bgbn=A
128,FR000001,FRANCE,ESC (Business School) Amiens,교환학생,교환대학ISEP,17.0,11.0,13.567399024963379,0.6470588235294118,0.7980822955860811,0.6923658651464126,http://oia.yonsei.ac.kr/partner/expReport.asp?ucode=FR000001&bgbn=A
134,FR000002,FRANCE,KEDGE Business School,교환학생,교환대학,41.0,28.0,28.844930738210678,0.6829268292682927,0.703534896053919,0.6891092493039805,http://oia.yonsei.ac.kr/partner/expReport.asp?ucode=FR000002&bgbn=A
240,JP000012,JAPAN,Kwansei Gakuin University,교환학생,교환대학,28.0,20.0,17.43430522084236,0.7142857142857143,0.6226537578872272,0.6867961273661681,http://oia.yonsei.ac.kr/partner/expReport.asp?ucode=JP000012&bgbn=A
717,US000260,UNITED STATES,Washington and Jefferson College,교환학생,교환대학,12.0,8.0,8.782226026058197,0.6666666666666666,0.731852168838183,0.6862223173181216,http://oia.yonsei.ac.kr/partner/expReport.asp?ucode=US000260&bgbn=A
165,DE000002,GERMANY,European Business School,교환학생,교환대학,40.0,26.0,30.45864772796631,0.65,0.7614661931991578,0.6834398579597473,http://oia.yonsei.ac.kr/partner/expReport.asp?ucode=DE000002&bgbn=A
454,US000016,UNITED STATES,Brandeis University,교환학생,교환대학,12.0,9.0,6.261132717132568,0.75,0.5217610597610474,0.6815283179283141,http://oia.yonsei.ac.kr/partner/expReport.asp?ucode=US000016&bgbn=A
640,US000190,UNITED STATES,University of California Irvine,교환학생,교환대학,315.0,213.0,216.17664149403572,0.6761904761904762,0.6862750523620181,0.6792158490419388,http://oia.yonsei.ac.kr/partner/expReport.asp?ucode=US000190&bgbn=A
377,CH000002,SWITZERLAND,University of Zurich,교환학생,교환대학ISEP,15.0,10.0,10.60314130783081,0.6666666666666666,0.7068760871887207,0.6787294928232829,http://oia.yonsei.ac.kr/partner/expReport.asp?ucode=CH000002&bgbn=A
47,CA000001,CANADA,Bishop's University,교환학생,교환대학,15.0,10.0,10.296897768974304,0.6666666666666666,0.6864598512649536,0.6726046220461527,http://oia.yonsei.ac.kr/partner/expReport.asp?ucode=CA000001&bgbn=A
569,US000126,UNITED STATES,"North Carolina State University, Raleigh",교환학생,ISEP,6.0,4.0,4.114972174167633,0.6666666666666666,0.6858286956946055,0.6724152753750483,http://oia.yonsei.ac.kr/partner/expReport.asp?ucode=US000126&bgbn=A
686,US000231,UNITED STATES,University of Pennsylvania,교환학생,교환대학,41.0,28.0,26.347421050071716,0.6829268292682927,0.6426200256115053,0.6708347881712564,http://oia.yonsei.ac.kr/partner/expReport.asp?ucode=US000231&bgbn=A
176,DE000011,GERMANY,Technische Universitat Braunschweig,교환학생,교환대학ISEP,11.0,7.0,8.161207020282745,0.6363636363636364,0.741927910934795,0.6680329187349839,http://oia.yonsei.ac.kr/partner/expReport.asp?ucode=DE000011&bgbn=A
346,ES000016,SPAIN,Universidad Carlos III de Madrid,교환학생,교환대학,20.0,13.0,14.185106933116913,0.65,0.7092553466558457,0.6677766039967536,http://oia.yonsei.ac.kr/partner/expReport.asp?ucode=ES000016&bgbn=A
343,ES000018,SPAIN,Polytechnic University of Valencia,,USAC,6.0,4.0,4.011134684085846,0.6666666666666666,0.668522447347641,0.6672234008709589,http://oia.yonsei.ac.kr/partner/expReport.asp?ucode=ES000018&bgbn=A
141,FR000012,FRANCE,Universite d'Angers,교환학생,ISEP,6.0,4.0,3.953238368034363,0.6666666666666666,0.6588730613390604,0.6643285850683848,http://oia.yonsei.ac.kr/partner/expReport.asp?ucode=FR000012&bgbn=A
58,CA000012,CANADA,University of British Columbia,교환학생,교환대학,162.0,105.0,112.96686306595802,0.6481481481481481,0.6973263152219631,0.6629015982702926,http://oia.yonsei.ac.kr/partner/expReport.asp?ucode=CA000012&bgbn=A
571,US000128,UNITED STATES,North Dakota State University,교환학생,ISEP,6.0,4.0,3.8647141456604004,0.6666666666666666,0.6441190242767334,0.6599023739496866,http://oia.yonsei.ac.kr/partner/expReport.asp?ucode=US000128&bgbn=A
14,AU000007,AUSTRALIA,Monash University,교환학생,교환대학,42.0,27.0,28.953686773777008,0.6428571428571429,0.6893734946137383,0.6568120483841215,http://oia.yonsei.ac.kr/partner/expReport.asp?ucode=AU000007&bgbn=A
356,ES000015,SPAIN,University of Navarra,교환학생,교환대학,15.0,10.0,9.440130829811096,0.6666666666666666,0.6293420553207397,0.6554692832628886,http://oia.yonsei.ac.kr/partner/expReport.asp?ucode=ES000015&bgbn=A
584,US000140,UNITED STATES,Oregon State University,교환학생,교환대학,18.0,12.0,11.147726356983185,0.6666666666666666,0.6193181309435103,0.6524621059497198,http://oia.yonsei.ac.kr/partner/expReport.asp?ucode=US000140&bgbn=A
405,GB000034,UNITED KINGDOM,The University of Edinburgh,교환학생,교환대학,10.0,6.0,7.704999089241028,0.6,0.7704999089241028,0.6511499726772308,http://oia.yonsei.ac.kr/partner/expReport.asp?ucode=GB000034&bgbn=A
175,DE000018,GERMANY,RWTH Aachen University,교환학생,교환대학,19.0,12.0,13.039522975683212,0.631578947368421,0.6862906829306954,0.6479924680371033,http://oia.yonsei.ac.kr/partner/expReport.asp?ucode=DE000018&bgbn=A
243,JP000015,JAPAN,Meiji Gakuin University,교환학생,교환대학,21.0,13.0,14.950367510318756,0.6190476190476191,0.7119222623961312,0.6469100120521727,http://oia.yonsei.ac.kr/partner/expReport.asp?ucode=JP000015&bgbn=A
185,CN000001,HONG KONG,Chinese University of Hong Kong,교환학생SAP(계절),교환대학,91.0,57.0,62.55257338285446,0.6263736263736264,0.687390916295104,0.6446788133500696,http://oia.yonsei.ac.kr/partner/expReport.asp?ucode=CN000001&bgbn=A
730,US000272,UNITED STATES,Western Washington University,교환학생,교환대학ISEP,19.0,12.0,12.588630974292755,0.631578947368421,0.6625595249627766,0.6408731206467276,http://oia.yonsei.ac.kr/partner/expReport.asp?ucode=US000272&bgbn=A
6,AU000019,AUSTRALIA,Australian National University,교환학생,교환대학,27.0,17.0,17.952731549739838,0.6296296296296297,0.6649159833236977,0.6402155357378501,http://oia.yonsei.ac.kr/partner/expReport.asp?ucode=AU000019&bgbn=A
261,JP000030,JAPAN,Tokyo University of Foreign Studies,교환학생,교환대학,15.0,9.0,10.884862184524536,0.6,0.7256574789683025,0.6376972436904907,http://oia.yonsei.ac.kr/partner/expReport.asp?ucode=JP000030&bgbn=A
386,TW000006,TAIWAN,TungHai University,교환학생,교환대학,14.0,9.0,8.623442590236664,0.6428571428571429,0.6159601850169045,0.6347880555050713,http://oia.yonsei.ac.kr/partner/expReport.asp?ucode=TW000006&bgbn=A
12,AU000005,AUSTRALIA,La Trobe University,교환학생,교환대학ISEP,22.0,14.0,13.872904598712921,0.6363636363636364,0.6305865726687692,0.6346305172551762,http://oia.yonsei.ac.kr/partner/expReport.asp?ucode=AU000005&bgbn=A
644,US000195,UNITED STATES,University of California San Diego,교환학생,교환대학,264.0,159.0,184.7764623761177,0.6022727272727273,0.6999108423337792,0.6315641617910428,http://oia.yonsei.ac.kr/partner/expReport.asp?ucode=US000195&bgbn=A
229,JP000002,JAPAN,Aoyama Gakuin University,교환학생,교환대학,41.0,26.0,25.59910586476326,0.6341463414634146,0.6243684357259331,0.6312129697421701,http://oia.yonsei.ac.kr/partner/expReport.asp?ucode=JP000002&bgbn=A
631,US000182,UNITED STATES,Truman State University,교환학생,ISEP,10.0,6.0,7.024471789598465,0.6,0.7024471789598465,0.6307341536879539,http://oia.yonsei.ac.kr/partner/expReport.asp?ucode=US000182&bgbn=A
231,JP000004,JAPAN,Chuo University,교환학생,교환대학,28.0,17.0,19.023013651371002,0.6071428571428571,0.6793933446918216,0.6288180034075463,http://oia.yonsei.ac.kr/partner/expReport.asp?ucode=JP000004&bgbn=A
188,CN000005,HONG KONG,Hong Kong University of Science of Technology,교환학생,교환대학,38.0,23.0,25.346331000328064,0.6052631578947368,0.667008710534949,0.6237868236868005,http://oia.yonsei.ac.kr/partner/expReport.asp?ucode=CN000005&bgbn=A
646,US000193,UNITED STATES,University of California Santa Barbara,교환학생,교환대학,310.0,180.0,223.91704866290092,0.5806451612903226,0.7223130602029062,0.6231455309640976,http://oia.yonsei.ac.kr/partner/expReport.asp?ucode=US000193&bgbn=A
186,CN000002,HONG KONG,City University of Hong Kong,교환학생,교환대학,34.0,20.0,23.730072408914566,0.5882352941176471,0.697943306144546,0.6211476977257168,http://oia.yonsei.ac.kr/partner/expReport.asp?ucode=CN000002&bgbn=A
416,GB000040,UNITED KINGDOM,University of Exeter,,교환대학ISEP,9.0,5.0,6.6189601719379425,0.5555555555555556,0.7354400191042159,0.6095208946201537,http://oia.yonsei.ac.kr/partner/expReport.asp?ucode=GB000040&bgbn=A
548,US000105,UNITED STATES,Mercer University,교환학생,교환대학,8.0,5.0,4.560904264450073,0.625,0.5701130330562592,0.6085339099168777,http://oia.yonsei.ac.kr/partner/expReport.asp?ucode=US000105&bgbn=A
242,JP000014,JAPAN,Kyushu University,교환학생,교환대학,21.0,13.0,12.048218876123428,0.6190476190476191,0.5737247083868299,0.6054507458493823,http://oia.yonsei.ac.kr/partner/expReport.asp?ucode=JP000014&bgbn=A
459,US000020,UNITED STATES,California Polytechnic State University San Luis Obispo,교환학생,교환대학,10.0,6.0,6.158437967300415,0.6,0.6158437967300415,0.6047531390190124,http://oia.yonsei.ac.kr/partner/expReport.asp?ucode=US000020&bgbn=A
106,CZ000001,CZECH REPUBLIC,Charles University,교환학생,USAC,38.0,22.0,25.220507562160492,0.5789473684210527,0.6636975674252761,0.6043724281223196,http://oia.yonsei.ac.kr/partner/expReport.asp?ucode=CZ000001&bgbn=A
581,US000136,UNITED STATES,Oklahoma State University,교환학생,교환대학,21.0,12.0,14.180872231721878,0.5714285714285714,0.6752796300819942,0.6025838890245983,http://oia.yonsei.ac.kr/partner/expReport.asp?ucode=US000136&bgbn=A
173,DE000009,GERMANY,Pforzheim University,교환학생,교환대학,44.0,24.0,32.34236189723015,0.5454545454545454,0.7350536794825033,0.6023342856629328,http://oia.yonsei.ac.kr/partner/expReport.asp?ucode=DE000009&bgbn=A
528,US000085,UNITED STATES,Indiana University Bloomington,교환학생방문학생SAP(정규),교환대학SAF,13.0,8.0,7.294690132141113,0.6153846153846154,0.561130010164701,0.5991082338186411,http://oia.yonsei.ac.kr/partner/expReport.asp?ucode=US000085&bgbn=A
628,US000179,UNITED STATES,Thunderbird School of Global Management,교환학생,교환대학,8.0,5.0,4.24778813123703,0.625,0.5309735164046288,0.5967920549213886,http://oia.yonsei.ac.kr/partner/expReport.asp?ucode=US000179&bgbn=A
189,CN000016,HONG KONG,University of Hong Kong,교환학생,교환대학,70.0,41.0,43.059615552425385,0.5857142857142857,0.6151373650346483,0.5945412095103945,http://oia.yonsei.ac.kr/partner/expReport.asp?ucode=CN000016&bgbn=A
647,US000194,UNITED STATES,University of California Santa Cruz,교환학생,교환대학,70.0,38.0,48.57572844624519,0.5428571428571428,0.6939389778035028,0.5881816933410507,http://oia.yonsei.ac.kr/partner/expReport.asp?ucode=US000194&bgbn=A
319,NZ000003,NEW ZEALAND,University of Canterbury,교환학생SAP(정규),교환대학SAF,14.0,8.0,8.575547695159912,0.5714285714285714,0.6125391210828509,0.5837617363248553,http://oia.yonsei.ac.kr/partner/expReport.asp?ucode=NZ000003&bgbn=A
85,CN000022,CHINA,Peking University,교환학생,교환대학,18.0,10.0,11.543988049030304,0.5555555555555556,0.6413326693905724,0.5812886897060606,http://oia.yonsei.ac.kr/partner/expReport.asp?ucode=CN000022&bgbn=A
310,NL000002,NETHERLANDS,The Hague University of Applied Sciences,교환학생,교환대학,113.0,60.0,78.88162899017334,0.5309734513274337,0.6980675131873747,0.581101669885416,http://oia.yonsei.ac.kr/partner/expReport.asp?ucode=NL000002&bgbn=A
344,ES000003,SPAIN,Public University of Navarre,교환학생,교환대학ISEP,30.0,16.0,20.760357677936554,0.5333333333333333,0.6920119225978851,0.5809369101126989,http://oia.yonsei.ac.kr/partner/expReport.asp?ucode=ES000003&bgbn=A
630,US000181,UNITED STATES,Trinity University,교환학생SAP(정규),교환대학SAF,11.0,6.0,6.920484244823456,0.5454545454545454,0.6291349313475869,0.5705586612224578,http://oia.yonsei.ac.kr/partner/expReport.asp?ucode=US000181&bgbn=A
643,US000192,UNITED STATES,University of California Riverside,교환학생,교환대학,64.0,32.0,44.73249241709709,0.5,0.6989451940171421,0.5596835582051426,http://oia.yonsei.ac.kr/partner/expReport.asp?ucode=US000192&bgbn=A
462,US000042,UNITED STATES,Central Michigan University,교환학생,ISEP,6.0,3.0,4.1229196190834045,0.5,0.6871532698472341,0.5561459809541702,http://oia.yonsei.ac.kr/partner/expReport.asp?ucode=US000042&bgbn=A
59,CA000022,CANADA,University of Calgary,,교환대학,6.0,3.0,4.053080260753632,0.5,0.675513376792272,0.5526540130376816,http://oia.yonsei.ac.kr/partner/expReport.asp?ucode=CA000022&bgbn=A
222,IT000004,ITALY,Universita degli Studi della Tuscia,교환학생,USAC,6.0,3.0,4.036046147346497,0.5,0.6726743578910828,0.5518023073673248,http://oia.yonsei.ac.kr/partner/expReport.asp?ucode=IT000004&bgbn=A
18,AU000020,AUSTRALIA,University of Adelaide,교환학생,교환대학,10.0,5.0,6.72594627737999,0.5,0.6725946277379989,0.5517783883213997,http://oia.yonsei.ac.kr/partner/expReport.asp?ucode=AU000020&bgbn=A
220,IT000008,ITALY,Luiss Guido Carli,교환학생,교환대학,20.0,10.0,13.335462629795074,0.5,0.6667731314897537,0.5500319394469261,http://oia.yonsei.ac.kr/partner/expReport.asp?ucode=IT000008&bgbn=A
486,US000021,UNITED STATES,CSU Los Angeles,교환학생,교환대학,8.0,4.0,5.0263287127017975,0.5,0.6282910890877247,0.5384873267263174,http://oia.yonsei.ac.kr/partner/expReport.asp?ucode=US000021&bgbn=A
435,GB000025,UNITED KINGDOM,University of Westminster,방문학생SAP(정규),SAF,7.0,3.0,5.5646777749061584,0.42857142857142855,0.794953967843737,0.5384861903531211,http://oia.yonsei.ac.kr/partner/expReport.asp?ucode=GB000025&bgbn=A
334,RU000002,RUSSIAN FEDERATION,Moscow State University,교환학생,교환대학,29.0,14.0,19.249698668718338,0.4827586206896552,0.6637827127144255,0.5370658482970863,http://oia.yonsei.ac.kr/partner/expReport.asp?ucode=RU000002&bgbn=A
164,DE000001,GERMANY,Eberhard Karls Universitat Tubingen,교환학생,교환대학,28.0,12.0,21.016637325286865,0.42857142857142855,0.7505941901888166,0.525178257056645,http://oia.yonsei.ac.kr/partner/expReport.asp?ucode=DE000001&bgbn=A
404,GB000033,UNITED KINGDOM,"SOAS, University of London",교환학생,교환대학,9.0,4.0,6.251262307167053,0.4444444444444444,0.6945847007963393,0.5194865213500128,http://oia.yonsei.ac.kr/partner/expReport.asp?ucode=GB000033&bgbn=A
187,CN000004,HONG KONG,Hong Kong Polytechnic University,교환학생,교환대학,53.0,23.0,36.354917734861374,0.4339622641509434,0.6859418440539882,0.5095561381218568,http://oia.yonsei.ac.kr/partner/expReport.asp?ucode=CN000004&bgbn=A
126,FR000004,FRANCE,Ecole Superieure des Sciences Economiques et Commerciales (ESSEC Business School),교환학생,교환대학,7.0,3.0,4.87463641166687,0.42857142857142855,0.6963766302381244,0.5089129890714372,http://oia.yonsei.ac.kr/partner/expReport.asp?ucode=FR000004&bgbn=A
300,NL000013,NETHERLANDS,Amsterdam University College,교환학생,,17.0,8.0,10.136701047420502,0.47058823529411764,0.596276532201206,0.5082947243662441,http://oia.yonsei.ac.kr/partner/expReport.asp?ucode=NL000013&bgbn=A
172,DE000008,GERMANY,Ludwig-Maximilians-Universitat Munchen,교환학생,교환대학,31.0,13.0,21.730791747570038,0.41935483870967744,0.7009932821796786,0.5038463717506777,http://oia.yonsei.ac.kr/partner/expReport.asp?ucode=DE000008&bgbn=A
94,CN000015,CHINA,Tsinghua University,교환학생,교환대학,9.0,4.0,5.523811966180801,0.4444444444444444,0.6137568851312002,0.4952381766504711,http://oia.yonsei.ac.kr/partner/expReport.asp?ucode=CN000015&bgbn=A
257,JP000026,JAPAN,Sophia University,교환학생,교환대학,7.0,3.0,4.519461810588837,0.42857142857142855,0.645637401512691,0.4936912204538073,http://oia.yonsei.ac.kr/partner/expReport.asp?ucode=JP000026&bgbn=A
82,CN000007,CHINA,Nanjing University,교환학생,교환대학,10.0,4.0,6.720541387796402,0.4,0.6720541387796402,0.48161624163389205,http://oia.yonsei.ac.kr/partner/expReport.asp?ucode=CN000007&bgbn=A
383,TW000005,TAIWAN,"National Taiwan University, College of Management",교환학생,교환대학,6.0,2.0,3.88396680355072,0.3333333333333333,0.6473278005917867,0.4275316735108693,http://oia.yonsei.ac.kr/partner/expReport.asp?ucode=TW000005&bgbn=A
354,ES000017,SPAIN,Universitat Autonoma de Barcelona,교환학생,교환대학,7.0,0.0,4.854875087738037,0.0,0.6935535839625767,0.20806607518877301,http://oia.yonsei.ac.kr/partner/expReport.asp?ucode=ES000017&bgbn=A
