0,1,2,3,4,5,6,7,8,9,10,11,12,13,14,15,16,17,18,19,20,21,22,23,24,25,26,27,28,29,30,31,32,33,34,35,36,37,38,39,40,41,42,43,44,45,46,47,48,49,50,51,52,53,54,55,56,57,58,59,60,61,62,63,64,65,66,67,68,69,70,71,72,73,74,75,76,77,78,79,80,81,82,83,84,85,86,87,88,89,90,91,92,93,94,95,96,97,98,99,100,101,102,103,104,105,106,107,108,109,110,111,112,113,114,115,116,117,118,119,120,121,122,123,124,125,126,127,128,129,130,131,132,133,134,135,136,137,138,139,140,141,142,143,144,145,146,147,148,149,150,151,152,153,154,155,156,157,158,159,160,161,162,163,164,165,166,167,168,169,170,171,172,173,174,175,176,177,178,179,180,181
Australian National University,Bond University,Curtin University of Technology,La Trobe University,Monash University,University of New South Wales,University of Queensland,University of Sydney,"University of Technology, Sydney",FH Kufstein Tirol University of Applied Sciences,University of Vienna,Vienna University of Economics and Business,Universite Catholique De Louvain,Brock University,McGill University,Simon Fraser University,University of Alberta,University of British Columbia,University of Manitoba,University of Toronto,York University: Schulich School of Business,Fudan University,Wuhan University,Zhejiang Normal University,Charles University,University of Copenhagen,Aalto University,University of Eastern Finland,University of Helsinki,"University of Jyvaskyla, School of Business & Economics",Ecole Superieure du Commerce Exterieur (ESCE),ESC (Business School) Amiens,ESCEM (France Business School) Tours-Poitiers,ISC PARIS - School of Management,KEDGE Business School,Pole ESG-Paris Graduate School of Management,Sciences-Po,Eberhard Karls Universitat Tubingen,European Business School,Freie Universitat Berlin,Humboldt-Universitat zu Berlin,Leibniz Universitat Hannover,Ludwig-Maximilians-Universitat Munchen,Pforzheim University,Technische Universtat Munchen,University of Erfurt,Chinese University of Hong Kong,City University of Hong Kong,Hong Kong Polytechnic University,Hong Kong University of Science of Technology,University of Hong Kong,Dublin Institute of Technology,Bocconi University,Luiss Guido Carli,University of Torino,Aoyama Gakuin University,Chuo University,Doshisha University,Hosei University,International Christian University,Keio University,Kwansei Gakuin University,Kyoto University,Kyushu University,Meiji Gakuin University,Osaka University,Rikkyo University,Ritsumeikan Asia Pacific University,Waseda University,Kaunas University of Technology,"Erasmus University, Rotterdam",Inholland University of Applied Sciences,Leiden University,Maastricht University,Saxion University,The Hague University of Applied Sciences,Tilburg University,University of Amsterdam,University of Auckland,University of Waikato,Norwegian School of Economics,University of Oslo,Moscow State University,St. Petersburg State University,Nanyang Technological University,National University of Singapore,Singapore Management University,ESADE,La Universidad de Rey Juan Carlos,Public University of Navarre,Jonkoping International Business School,Kristianstad University,Linnaeus University,Stockholm School of Economics,University of Gothenburg,Uppsala University,University of Geneva,King's College London,Kingston University,University of Brighton,University of Hertfordshire,University of Sheffield,American University,Arizona State University,Baylor University,Biola University,College of William &amp; Mary,CSU Chico,CSU Fullerton,CSU Long Beach,CSU Sacramento,CUNY - Baruch College,Dickinson College,Emory University,George Mason University,George Washington University,Georgia Institute of Technology,Hobart &amp; William Smith College,Illinois Institute of Technology,Iowa State University,James Madison University,Linfield College,Maryville College,Michigan State University,Middle Tennessee State University,Montana State University,Muskingum College,New York University,New York University - Stern School of Business,North Central College,Northern State University,Ohio State University,Oklahoma State University,Old Dominion University,Oregon State University,Purdue University,San Diego State University,San Francisco State University,San Jose State University,St. Cloud State University,St. Olaf College,SUNY at Albany,SUNY at Stony Brook,Syracuse University,Temple University,Towson University,University of Akron,University of Alabama,University of California Berkeley,University of California Davis,University of California Irvine,University of California Los Angeles,University of California Riverside,University of California San Diego,University of California Santa Barbara,University of California Santa Cruz,University of Connecticut,University of Georgia,University of Hawaii at Manoa,University of Illinois at Urbana-Champaign,University of Maryland at College Park,University of Massachusetts Amherst,University of Michigan,University of Minnesota Morris,University of North Carolina at Chapel Hill,University of North Carolina at Greensboro,University of Oregon,University of Pennsylvania,University of Pittsburgh,University of Richmond,University of Scranton,University of South Florida,University of Tennessee Knoxville,University of Texas at Arlington,University of Utah,University of Washington,University of Wisconsin-Madison,Washington College,Washington University in St. Louis,Western Kentucky University,Western Washington University,Westminster College
UD IS,경영학,경영학,경영학,UIC ,GSIS,InformationandInteractionDesign,UD PSIR,UIC TAD,경영학,경영학,경영학,경영학,감호학,건축공학,EIC,"InternationalTrade,FinanceandManagement",UIC ,건축공학,Psychology,경영학원,GSIS,경영학,GSIS,건축공학,UD CLC,경영학,경영학,경제학,경영학,UIC ,경영학,경영학,UIC ASD,EIC,경영학,GSIS,경영학,경영학,철학,QuantitativeRiskManagement,경영학,경제학,경영학,UIC 생명학공학,경제학,UIC ASD,Energy&amp;EnvironmentalScienceEngineering,EIC,경영학,UD Economics,경영학,InternationalTrade&amp;Finance,경영학,UIC ,경영학,경영학,건축학(5년제),UIC ,경영학,UIC ,건축공학,건축공학,UIC ASD,건축공학,GSIS국제통상,경영학정보학&amp;신문방송학,경제학,GSIS,UIC ,UD Economics,UIC 정치외교학-교환언론홍보학수강,국제통상학/정치외교학,UIC ,경영학,UD IS,UIC ,UD IS,UIC ,"간호학,심리학",경영학,경영학,경제학,경영학,UD Economics,GSIS,UIC ,EIC,UIC ,UD Economics,경영학,건축공학,InformationandInteractionDesign,UD Economics,UIC ,경영학,"UIC 생명학공학,불어불문",UIC ,경영학,경영학,경영학,UD Economics,CultureandDesignManagement,,경영학,경영학,경영학,경영학,UD ,BusinessAdministration,간호학,UD CLC,"간호학,정치외교학",UD Economics,HASS,UIC ,UD Economics,경영학,건축공학,건축공학,경영학,경영학,경영학,UD PSIR,경영학,건축공학,경영학,UIC ,경영학,경영학,경영학,경영학,경영학,경영학,경영학,UD CLC,건축학(5년제),간호학,경영학,간호학,경영학,GSIS,UD Economics,UD Economics,CTM,경영학,건축학,건축학,UIC ASD,EIC,UD Economics,UIC ,SchoolofBusiness,BioConvergence,UD CLC,UD Economics,경영학,UD Economics,UD CLC,EESE,UD PSIR,건축공학,경영학,간호학,경영학,경영학,경영학,UIC ,경영학,경영학,UIC ASD,경영학,경영학,간호학,EESE,UD Economics,UIC ,경영학,UD Economics,UD Economics,UD Economics,경영학
경영학,경제학,경제학,경영학,UIC ,건축학,건축공학,UD CLC,건축공학,경영학,경제학,경영학,경영학,경영학,경영학,경영학,건축학,경영학,건축학,UIC ,경영학,경영학,경영학,경영학,경영학,UD Economics,경영학,공대학세라믹공학,경제학,경영학,UIC ,경영학,경영학,UD Economics,경영학,경영학,UD CLC,경제학,경영학,경영학,경영학,경제학,경제학,경영학,UIC 테크노아트학,교육학,EIC,UD IS,UD Economics,경영학,SocialSciences,경영학,UIC ,경영학,건축공학,경영학,경영학,경영학,건축공학,경영학,UIC ,건축공학,경영학,경영학,경영학,UD ,경영학,교육학,UIC ,건축학(5년제),UD IS,경영학,국제학,UIC ,경영학,경영학,경영학,UD PSIR,UIC ,경영학,경영학,경영학,노어노문,국어국문,경영학,UD IS,경영학,UIC ,UIC ,경영학,경영학,건축학,경영학,경영학,경영학,경영학,경영학,UIC ,경영학,경영학,국어국문,UIC InformationandInteractionDesignMajor,JusticeandCivilLeadership(UIC ),UD PSIR,경영학,경영학,경영학,경영학,경영학,GSISPIC,건축공학,UD Economics,경영학,UD ,UD Economics,UIC 정치외교학,경영학/경제,경영학,건축공학,경영학,경영학,경영학,경영학,UIC ,경영학,건축공학,경제학,UD CLC,경영학,경영학,경영학,경영학,경영학,"경영학,경제학",경제학,경영학,경영학,간호학,경영학,건축공학,경영학,간호학,건축공학,건축학,UIC CTM,경영학,경영학,경영학,EIC,TAD,UD Economics,UnderwoodInternational,UIC ,UD IS,EastAsiaInternationalCollege,Politics,경영학,경영학,UIC ,건축공학,UD PSIR,경영학,경영학,경영학/경제,경영학,경영학,경영학,UD Economics,경영학,경영학,경영학,경영학,경영학,건축공학,경영학,UIC LSBT,UIC ASD,경영학,UIC ASD,건축공학,경영학,경영학
경제학,경제학,국어국문,교육학,경영학,경영학,경영학,UIC ASD,건축학,경영학,경제학,경영학,경영학,경영학,경영학,경영학,경영학,경영학,경영학,UIC ,경영학,경영학,경영학,경영학,경영학,UnderwoodDivision,경영학,교육학,교육학,경영학,UD Economics,경영학,경영학,경영학,경영학,경영학,UD Economics,독어독문,경영학,교육학,경영학,경제학,독어독문,경영학,경영학,국제학,UD IS,경영학,건축공학,경영학,UD Economics,경영학,UIC ,경영학,건축학,경영학,경제학,경영학,경영학,사회복지학,UIC ,경영학정보학,경영학,경영학,경영학,경영학,경영학,국어국문,UIC ,경제학,경영학,경영학,도시공학,UIC ,경영학,경영학,경영학,건축학,UIC ,경제학,경영학,경영학,노어노문,노어노문,경영학,UIC ,경영학,경영학,UIC ,경영학,경영학,경영학정보학,경제학,경영학,경제학,경영학,국제학HASSSDC(지속개발협력),UIC CTM,경영학,경영학,기계공학,경영학,UD Economics,건축공학,경영학,경제학,경제학,경영학,경영학,건축공학,경영학,경영학,경영학,UD IS,건축공학,경영학,경영학,경제학,건축학,경영학,경영학,경영학,경영학,경영학/영어영문,경영학,경영학,경제학,UD Economics,경영학,경영학,경영학,경영학,경영학,경영학,기계공학,경영학,경영학,건축공학,경영학,건축공학,경영학,경영학,경영학,경영학,경영학,경영학,경영학,경영학,UD ,UIC ,UIC QRM,건축학,UD IS,Techno-ArtDivision,UD CLC,경영학,경영학,경영학,UIC ASD,건축학,경영학,경영학,경영학,경영학,경영학,경영학,경영학,UD Economics,경영학,경영학,경영학,경영학,경영학,경영학,경영학,UD Economics,경영학,경영학,경영학,경영학,경영학,경영학
경제학,국어국문,사회학,교육학,경영학,경영학,경영학,UIC ,건축학,경영학,경제학,경영학,경영학,경영학,경영학,경영학,경영학,경영학,경영학,UIC ,경영학,경영학,경영학,교육학,경영학,건축학,경영학,교육학,나노학공학,경영학,UD IS,경영학,경영학,경영학,경영학,경제학,,독어독문,경영학,독어독문,노어노문,교육학,독어독문,경영학,경영학,독어독문,Psychology,경영학,경영학,경영학,UD Economics,경영학,UIC 문화디자인경영학,경영학,건축학,경영학,국어국문,경영학,경영학,상경계열,경영학,경영학,경영학,경영학,경제학,경영학,경영학,기계전자공학,UD Economics,경제학,경영학,경영학,사회학,UD PSIR,경영학,경영학,경영학,경영학/경제,경영학,교육학,경영학,경제학,노어노문,노어노문,경영학,UIC ,경영학,경영학,UIC ,경영학,경영학,경영학,교육/영문,경영학,경제학,경영학,불어불문,UIC CTM,경영학,경영학,사학,경영학,UIC ,경영학,경영학,경제학,경제학,경영학,경영학,건축,경영학,경영학,경영학,UD IS,경영학/영문,경영학,경영학,도시공학,기계공학,경영학,경제학,경영학,경영학,경영학,경영학,경영학,교육학,건축학,경영학,경영학,경영학,경영학,경영학,경영학,문화인류학,경영학,경영학,경영학,경영학,경영학,경영학,경영학,경영학,경영학,경영학,경영학,경영학,경제학,UD 경제,UIC ,경영학,경영학,경영학,UD Economics,UD IS,경영학,경영학,경영학,UD IS,건축학,경영학,경영학,경영학,경영학,경영학,경영학,경영학,UD CLC,경제학,경영학,경영학,경영학,경제학,경영학,경영학,UIC LSBT,경영학,경영학,경영학,경영학,경영학,경제학
경제학,기계공학,사회환경시스템공학,금속시스템공학,경영학,경영학,경영학,UIC ,경영학,경영학,독어독문,경영학,경영학,경영학,경영학,경영학,경영학,경영학,경영학,UIC ,경영학,경제학,경영학,국어국문,경영학,경영학,경영학,교육학,사학,경제,UIC 문화디자인경영학,경제학,경영학,경영학,경영학,경제학,건축학(5년제),독어독문,경영학,독어독문,독어독문,국어국문,독어독문,경영학,경영학,독어독문,UD Economics,경영학,경영학,경영학,UD CLC,경영학,Yonseiuniversity,경영학,건축학,경영학,국제관계학,경제학,경영학,상경계열,경영학,경영학,경영학,기계공학,경제학,경영학,경영학,도시공학,UD Economics,경제학,경영학,경영학,심리학,UD CLC,경영학,경영학,경영학,경영학,경영학,교육학,경영학,경제학,노어노문,노어노문,경영학,UIC ,경영학,경영학경영학,UIC ,경제학,경영학,경영학,교육학,경제학,국어국문,경제학,불어불문,UD Economics,경영학,경제학,신문방송학,경영학,UIC -UIC ASD,경영학,경영학,교육/영어영문,경제학,경영학,경영학,경영학,경제,경영학원,경영학/심리학복전,UD IS,경영학,경영학,경영학,UIC ASD,기계공학,경제학/응용통계학,교육학(영문이중),경영학,경영학,경영학,경제학,경영학,교육학,경영학,경영학,경영학,경영학,경영학/응용통계학,경영학,경영학,생화학,경영학,경영학,경영학/문정,경영학,경영학,경영학,경영학,경영학,경영학,경영학,경영학,경영학,기계공학,UIC ,UD Economics,경영학/경제,경영학,경영학,UD IS/ECON,건축공학,경영학,경영학,경영학,경영학,경영학,경영학,경영학,경영학,경영학,경영학,경영학,경영학,경영학,경제학,경영학,경영학,경영학,사회학대학,경영학,경영학,UD IS,경영학,교육/경제,경영학,경영학,경영학,노어노문
경제학/정치외교학,도시공학,사회환경시스템공학,물리치료학,경영학,경영학,경영학,UIC ,경영학,경영학,독어독문,경영학,경영학,경영학,경제학,경영학,경영학,경영학,경영학,경영학,경영학,경제학,경제학,보건행정학,UIC PSIR,경영학,경영학,교육학,문헌정보학,경제,UD PSIR,경제학,경영학,경영학,경영학,UIC ASD,경영학,독어독문,경영학,"독어독문,경영학",독어독문,독어독문,독어독문,경영학,경영학,독어독문,UD PSIR,경제학,경영학,경영학,UD Economics,경영학,경영학,경영학,건축학,경제학,국제관계학,교육학,교육학,생활디자인학,경영학,경영학,경제학,UIC ASD,교육학,경영학,경영학,영어영문,UD Economics,경제학,경영학,경영학,아동가족학/경영학,경영학,경영학,경영학,경영학,경영학,경영학,수학,경영학,경제학,노어노문,노어노문,경영학,UIC ASD,경영학,경영학,UIC ,경제학,경영학,경영학,교육학,경제학,노어노문,교육학/경영학,불어불문,UD CLC,경제학,교육학,신문방송학,경영학,경영학,경영학,경영학,기계전자공학,경제학,경영학,경영학,경영학,경제학,경영학,경영학,UD ,경영학,경영학,경영학,물리치료학,기계공학,경제학,교육학(국문이중),경영학,경제학,경영학,교육학대학교,경제학,교육학,경영학,경영학,경영학,경영학,경제학,경제학,경영학,스포츠레저학,경영학,경영학,경영학,경영학,경영학,경영학,경영학,경영학,경영학,경영학,"교육학,국어국문",경영학,문헌정보학/경영학,UD Economics,건축공학,경영학,경영학,경영학,UIC ,경영학,경영학,경영학,경영학,경영학원,경영학,경영학,경영학,경영학,경영학,경영학,경영학,경영학,경영학,경제학,경영학,경영학,경영학,사회복지학,경영학,경영학,건축공학,경영학,사학,경영학,경영학,경영학,디자인/심리학
노어노문,불어불문,생명공학,불어불문,경영학,경영학,경영학,건축공학,경영학,경영학,독어독문,경영학,경영학,경영학,경제학,경영학,경영학,경영학,경영학,경영학,경영학,공대학정보산업공학,국제관계학,사회학계열,국제학,경영학,경영학,대기학,문헌정보학,경제학,경영학,불어불문,경영학,경영학,경영학,국제학,경영학,독어독문,경영학,독어독문,독어독문,독어독문,독어독문,경영학,경영학,독어독문,건축공학,경제학,경영학,경영학,UD IS,경영학,경영학,경영학,건축학,경제학,국제학대학원,국어국문/신문방송,국어국문,수학,경영학,교육학,경제학,법학,기계전자공학,공대학금속시스템공학,교육학,문헌정보학,건축공학,도시공학,경영학,경영학,언더우드국제학국제학,경영학,경영학,경영학,경영학,경영학,경영학,신문방송학,경영학,경제학,노어노문,노어노문,경제학,UIC ASD,경영학,경영학,UD PSIR,국제학,경영학,경영학,국어국문,경제학,문화인류학,국어국문,"아동가족,영어영문",경영학,국제학경제학,국어국문,신학,경영학,경영학,경영학,경영학,대기학,사학,경제학,경영학,경영학,경제학,경영학,경제학,경영학,경영학,경영학,경영학,불어불문,생활디자인,기계공학,사회복지학,경영학,국제학,경영학,도시공학,교육학,상경계열,경영학,경영학,경영학,경제학,경제학,경제학,경영학,스포츠레저,경영학,경영학,경영학,경영학,경영학,경제학,경영학,경영학,경영학,경영학,"교육학,문화인류학",경영학,문헌정보학,UD Economics,건축공학,경영학,경영학,경영학,UIC Bio-Convergence,경영학/통계,경영학,경영학,경영학,경영학,경영학,경영학,경영학,경제학,경영학,경영학,경영학,경영학,경영학,국제학,경영학,경영학,경영학,사회학,경영학,경영학,경영학,경영학,사학,경영학,경제학,사회복지학,생활디자인/언론홍보영상
대기학,사회복지학,생화학,불어불문,경영학,경영학,경제학,건축학,경영학,경영학,독어독문,경영학,경영학,경영학,국어국문,경영학,경영학,경영학,경영학,경영학,경영학,국제학,국제학,신학,문화인류학,경제학,경영학,문헌정보학,사회학,경제학,경영학,불어불문,경영학,경영학,경영학,국제학,경영학,독어독문,경영학,독어독문,독어독문,독어독문,독어독문,경영학,경영학,독어독문,건축학,경제학,경영학,경영학,UIC ,경영학,경영학,경제학,건축학,경제학,기계공학,문화인류학,국어국문,신문방송학,경영학,국제관계학,경제학,법학,기계전자공학,교육대학원,국어국문,보건행정학,경영학/경제학,문화인류학,경영학,경영학,UIC ASD,경영학,경영학,경영학,경영학,경영학,경영학,신문방송학,경영학,경제학,노어노문,노어노문,경제학,UIC ASD,경영학,경영학,UD Economics,나노학공학,경영학,경제학,국어국문,경제학,사학,글로벌행정학,언더우드국제학경제학,경영학,노어노문,국제관계학,실내건축학,경영학,경영학,경영학,경영학,생명공학,생명공학,불어불문/정치외교학,경제학,경영학,"교육학,영어영문",경영학,경제학,경영학,경영학,경영학,경영학,불어불문,생활디자인,기계전자공학,상경대학,경영학,"사학,언론홍보영상학",경영학,문헌정보/경영학,교육학,심리학,경영학,경영학,경영학,교육학,경제학,사학,경제,식품영양학,경영학,경영학,경영학,경제학,경영학,교육/경제,경영학,경영학,경영학,경영학,"국어국문,심리학",경제학,생명공학,UD Economics,건축공학,경영학,경영학,경영학,UIC HASSJCL,경영학,경영학,경영학(컴퓨터과학),경영학,경영학,경영학,경영학,경영학,경제학,경영학,경제학,경영학,경영학,경영학,노어노문,경영학,경영학,경영학,상경대학경제학,경영학,경영학,경영학,경영학,사회복지학,경영학,경제학,상경계열,신문방송학
문헌정보/경영학,상경계열,신학,생물학,경제학,경제학,경제학,경영학,경영학,경영학,독어독문,경영학,경영학,경영학,노어노문,경영학,경영학,경영학,경영학,경영학,경영학,UIC ASD,사학,UIC ASD,문화인류학,경제학,경영학,보건행정학,사회학,경제학,경영학,불어불문,경영학,경영학,경영학,국제학,경영학,독어독문,경영학,독어독문,독어독문,독어독문,독어독문,경영학,경영학,독어독문,경영학,공대학전기전자공학,경영학,경영학,경영학,경영학,경영학,경제학,건축학,교육학,기계공학,사학,국제학대학원국제경영학,신문방송학,경제학,국제관계학,교육학,사회환경시스템공학,UIC ASD,교육학,문헌정보학,사회학계열행정학,경영학,사회학,경영학,경영학,언론홍보영상학,경영학,경영학,경영학,경영학,경영학,경제학,영어영문,경영학,경제학,노어노문,노어노문,경제학,UIC ASD,경영학,경영학,UIC 문화디자인경영학,문헌정보학,경영학,경제학,국어국문,경제학,생명공학,사학,UIC ,경영학,문헌정보학,노어노문,아동가족학,경영학,경영학,경영학,경영학,생명공학,심리학,사학,기계공학,경영학,"법,문화인류학",경영학,노어노문,경영학,경영학,경영학,경영학,사학,수학,생활학,스포츠레저학/영어영문,경영학,사회복지학,경영학,사회학/정치외교학,도시공학,영어영문,경영학,경영학,경영학,국제관계학,경제학,생명공학,경제학,식품영양학,경영학,경제/응용통계,경영학,경제학,경영학,교육/영문,경영학,경영학,경영학,경영학,불어불문(미국에서는언론홍보영상),"교육,영문",세라믹공학,UIC ASD,건축공학,경영학,"경영학,수학",경영학,UD Economics,경영학,경영학,경제학,경영학,경영학,경영학,경영학,경영학,국제학,경영학,경제학,경영학,경영학,경영학,도시공학,경영학,경영학,경영학,세라믹공학,경영학,경제.수학,경영학,경영학,상경계열,경영학,교육학,생물학,신문방송학
문화인류학,상경계열,영어영문,생활디자인,교육학,경제학,경제학,경영학,경영학,경영학,문화경영학디자인학,경영학,경영학,경제학/신문방송학,문화인류학,경영학,경영학,경영학,경영학,경영학,경영학,사학,사학,영어영문,보건행정학,경제학,경영학,보건행정학,사회학,경제학,경영학,불어불문,경영학,경영학,경영학,UIC ASD,경영학,독어독문,경영학,독어독문,독어독문,독어독문,독어독문,경영학,경제학,독어독문,경영학,사학,경제학,경영학,경영학,경영학,경영학,국제대ISED,경영학,교육학,사회학대학,사학,UIC ASD,신문방송학,"교육학,경제학",문헌정보학,국어국문,상경계열,불어불문,기계공학,사학,사회체육학,경영학,사회학,경영학,경영학,언론홍보영상학,경영학,경영학,경영학,경영학,경영학,경제학,영어영문,경영학,경제학,노어노문,노어노문,교육학,UIC ASD,경영학,경영학,건축학,문화인류학,경영학,교육학,국어국문,경제학,생명시스템대학생물학,사회복지학,UD PSIR,경영학,사회복지학,문화디자인경영학,UD Economics,경영학,경영학,경영학,경영학,생명학,UIC ,신문방송학,"사학,정치외교학",경영학,사회복지학,경영학,"사회학,경영학",경영학,경영학,경영학,경영학,사학,실내건축학,신문방송학,심리학,경영학,생물자원공학,경영학,상경계열,보건행정학,영어영문,경영학,경영학,경영학,법,국제학대학원,심리학,경제학,영어영문,경영학,경제학,경영학,기악,경영학,사학,경영학,경영학,경영학,경영학,사회학,교육학,식품영양학,건축학,건축공학,경영학,경제학,경영학,UIC 문화디자인경영학,경영학,경영학,경제학,경영학,경영학,경영학(응통이중),경영학,경영학,국제학,경영학,경제학,경영학,경영학,경영학,불어불문,경영학,경영학,경영학,식품영양학,경영학,경제학,경영학,경제학,생명공학,경영학,불어불문,수학,신학
생활디자인,상경계열,영어영문,신문방송학,교육학,경제학,경제학,경영학,경영학,경영학,식품영양,경영학,경영학,교육학,불어불문,경영학,경영학,경영학,경영학,경영학,경영학,사학,사학,인문,사학사회학,경제학,경영학,보건행정학,생활디자인학,경제학,경영학,생활디자인,경제학,경영학,경영학,문화디자인경영학,경영학,독어독문,경영학,독어독문,문화인류학,문화인류학,독어독문,경영학,경제학,독어독문,경영학,법학,교육학,경영학,경영학,경영학,경영학,문화인류학,경영학,국어국문,사회학,사학,중어중문,UIC ,국어국문,문헌정보학,국어국문,생활학대학,사회학,대기학,사학,상경계열,경영학,사회학,경영학,경영학,언론홍보영상학/사회학,경영학,경영학,경영학,경영학,경영학,국어국문,영어영문,경영학,교육학대학교육학,노어노문,노어노문,금속시스템공학,UD Economics,경영학,경영학,경영학,사회학,경영학,국어국문,도시공학,경제학,생활디자인학,사회복지학,UD IS,경영학,사회학,불어불문,UD Economics,경영학,경영학,경영학,경영학,생물학,UIC ,신문방송학,사회학대학,경영학,생활디자인학,경영학,생활학,경영학,경영학,경영학,경영학,사회복지학,전기전자공학,신문방송학,심리학,경영학,수학,경영학,생화학,생명학,영어영문,경영학,경영학,경제학,보건학대학의용전자공학,생명공학,영어영문,기계공학,영어영문,경영학,경제학,경영학,사회학,경영학,사회체육/경영학,경영학,경영학,경영학,경제학,신문방송학,교육학,식품영양학/경영학,경영학,건축,경영학,경제학,경영학,UIC 문화디자인경영학,경영학,경영학,경제학,경영학,경영학,경영학/경제학,경제학,경영학,문헌정보학,경영학,경제학,경영학/신문방송학,경영학,경영학,사회학,경영학,경영학,경영학,아동가족,경영학,경제학,경영학,경제학,신학,경제학,"수학,경영학",스포츠레저학,심리학
생활디자인학/경영학,식품영양학,의공학,신문방송학,독어독문,국어국문,경제학,경영학,경영학,경영학,영어영문,경영학,경영학,국어국문/영어영문,불어불문,경영학,경영학,경영학,경영학,경영학,경영학,스포츠레저학,영문,인문,생명학/심리학,경제학,경영학,사학,신문방송학,교육학,경영학,신문방송학,경제학,경영학,경영학,문화디자인경영학,경제학,독어독문,경영학,독어독문,신학,사회학,독어독문,경영학,교육학,독어독문,경영학,보건행정학,기계공학,경영학,경영학,경영학,경영학,생명공학,국어국문,국어국문,사회환경시스템공학,사학,문헌정보학,언론홍보영상학,국어국문,법학,국어국문,생활학,사회학,도시공학,사학대학원,생활디자인,경영학,생활학대학,경영학,경영학,영어영문,경영학,경영학,경영학,경제학,경영학,글로벌인재학,인문,경영학,국어국문신문방송,노어노문,노어노문,금속시스템공학,건축공학,경영학,경영학,경제학,사회학,경영학,국제관계학,사학,경제학,수학,사회학,언론홍보영상학,경영학,실내건축학,불어불문,언론홍보영상학,경영학,경영학,경영학,경영학,심리학,UD Economics,신문방송학,스포츠레저학,경영학,수학,경영학,신학,경영학,경영학,경영학,경영학,실내건축학,전기전자공학,신학,"심리학,경영학",경영학,신문방송학,경제학,생활디자인,생화학,영어영문,경영학,경영학,사학,사회학,생명공학,응용통계,기계공학,전기전자공학,경영학,경제학,경영학,세라믹공학,경제학,사회학,경영학,경영학,경제학,경제학,신문방송학,상경계열,신문방송학,경영학,건축학,경영학,경제학,경영학,UIC 생명공학,경영학,경영학,경제학,경영학,경영학,경영학,경제학,경영학,법학,경영학,교육학,경제학,경영학,경영학,생명공학,경영학,경영학,경영학,의공학,경영학,교육학,경영학,경제학,영문/정치외교학/외교통상,사회계열,신문방송학,신문방송학,심리학
식품영양학,신문방송학,전기전자공학,심리학,문헌정보학,기계공학,경제학,경영학,경영학,경영학,정치외교학,경영학,경영학,사회학,불어불문,경영학,경영학,경영학,경영학,경영학,경영학,일반대학원,중어중문,정치외교학,생활디자인,경제학,경영학,사회학,언더우드정치외교학,기계공학,경영학,신문방송학,경제학,경영학,경영학,불어불문,경제학,사학,경영학,독어독문,심리학,사회학,독어독문,경영학,기계공학,독어독문,경영학,생활디자인/중어중문,도시공학,경영학,경영학,경영학,경영학,응용통계학,국어국문,국제관계학,수학,사회학,문헌정보학,영어영문,국제학,사회학,국어국문,신문방송학,사회학,사학,사회체육,생활디자인,경영학,세라믹공학,경영학,경영학,영어영문,경영학,경영학,경영학,경제학,경영학,노어노문,전기전자공학,경제학,국어국문,노어노문,노어노문,금속시스템공학,건축학,경영학,경영학,교육학,신문방송학,경영학,금속시스템공학,문화인류학/심리학,경제학,아동가족/경제,생화학,의류환경,경제학,심리학,사학,언론홍보영상학,경영학,경영학,경영학,경제학,아동가족학,UIC ,신문방송학,신문방송학,경영학,신문방송학,경영학,영어영문,경영학,경영학,경제학,경영학,실내건축학,전기전자공학,의류환경학,영어영문,경제학,심리학,경제학,신문방송학,수학,인문,경제학,경영학,사학,생활디자인,생활학,응용통계학,문화인류학,전기전자공학,경제학,경제학,경영학,세라믹공학,경제학,수학,경영학,경영학,국제대학원국제협력,경제학,"심리학,경영학",상경대학,심리학,경영학,경영학,경영학,경제학,경영학,UIC 생명학공학,경영학,경영학,교육학,경영학,경영학,경영학,경제학,경영학,사회학,경영학,UD Economics,경제학,경영학,경영학,생활디자인학,경제학,경영학,경영학,인문,경영학,교육학,경영학,경제학/응용통계학,영어영문,사회학,영어영문,심리학,심리학
식품영양학,신문방송학,주거환경,영어영문,문헌정보학,기계공학,경제학,경영학,경영학,경영학,철학,경영학,경제학,사회학,사회학,경영학,경제학,경영학,경영학,경영학,경영학,일반대학원지역학협동정,중어중문,정치외교학,생활디자인학,경제학,경영학,생명공학,언론홍보영상학,문헌정보학,경영학,영어영문,경제학,경영학,경영학,불어불문,경제학,신문방송학,경영학,독어독문,언론홍보영상학,생물학,독어독문,경영학,기계공학,물리학,경영학,수학,도시공학,경영학,경영학,경영학,경영학,의류환경학,국어국문,국제학대학원,심리학,사회학,사학,유럽어문,국제학,생활디자인학,독문,영어영문,생활학,사학,사회학,신문방송학,경영학,신소재공학,경영학,경영학,영어영문,경영학,경영학,경영학,경제학,경영학,UIC ASD,중어중문,경제학,국어국문,노어노문,노어노문,기계공학,경영학,경영학,경영학,국어국문,실내건축학,경영학,국어국문,문화인류학,경제학,영어영문,생활디자인학,정보인터렉션디자인학,UD CLC,언론홍보영상,사학,영어영문,경영학,경영학,경영학,경제학,영어영문,영문,아동·가족,신문방송학,경영학,신학,경영학,영어영문,경영학,경영학,경제학,경영학,심리학,전기전자공학,인문,영어영문/경제학,경제학,심리학,경제학,영어영문,실내건축학,인문,사학,경영학,신문방송학,신문방송학,생활디자인학,응용통계학,법학,전기전자공학,경제학,경제학,경영학,작업치료,경제학,심리학,경영학,경영학,기계공학,경제학,영어영문,생명공학,영어영문,경영학,경영학,경영학,경제학,경영학,경영학,경영학,경영학,교육학/영어영문,경영학,경영학,경영학,경제학,경영학,상경계열,경제학,국제학정치외교학,경제학,경영학,경제학,시스템생물학,경제학,경제학,경영학,전기전자공학,경제학,기계공학,경영학,경제학,영어영문,상경계열,영어영문,영어영문,심리학
신소재공학,영어영문,천문우주학,영어영문,문화인류학,노어노문,교육학,경영학,경영학,경영학,철학,경재학,교육학,상경계열,사회학,경영학,경제학,경영학,경영학,경영학,경영학,일반대학원지역학협동정,중어중문,정치외교학,스포츠레저학,경제학,경영학,생명공학,언론홍보영상학,신문방송학,경영학,응용통계/경영학,응용통계학,경영학,경영학,불어불문,경제학,신문방송학,경영학,독어독문,영어영문,식품영양학,독어독문,경영학,기계공학,상경계열,경영학,신문방송학,문헌정보학,경영학,경영학,경영학,경영학,정치외교학,도시공학,국제학대학원,심리학,사회학,사회복지학,임상병리학,국제학,신문방송학,사학,정치외교학,신문방송학,생명공학,사회학,신문방송학,경영학,신학/경제학,경영학,경영학,영어영문,경영학,경영학,경영학,경제학,경제학,문화인류학,지구시스템학,경제학,국제관계학,노어노문,노어노문,기계공학,경영학,경영학,경영학,국어국문,심리학,경영학,문헌정보학,문화인류학,계량위험관리,영어영문,응용통계학,정치외교학,글로벌인재학,영어영문,사학,영어영문,경영학,경영학,경영학,경제학,영어영문,영어영문,영어영문,아동가족학,경영학,영어영문,경영학,유럽어문,경영학,경영학/경제학,경제학,경영학,영어영문,토목환경공학,주거환경,인문,교육학,"언론홍보영상학,사회학",경제학,영어영문/경제학,영어영문,인문,사회학,국제대학,신학/스포츠레저학,신문방송학,신문방송학,의류환경학,사회학/경제학,전기전자,경제학,경제학,경영학,작업치료학,경제학,영어영문,경영학,경영학,문화인류학,경제힉,영어영문,식품영양학,인문,경영학,경영학,경영학,경제학,경영학,경영학,경영학,경영학,문헌정보학,경영학,경영학,경영학,경제학,경영학,상경계열,경제학,독어독문,경제학,경영학,국제학,신소재공학,교육학,경제학,경영학,중어중문,경제학,노어노문,경영학,교육학,영어영문,생명학,영어영문,의공학,아동가족학/심리학
의공학,정보산업공학,화공·생명공학,영어영문,"불어불문,영어영문",도시공학,국제학대학원,경영학,경제학,경영학,행정학,경제학,법학,수학,상경계열,경영학,경제학,경영학,경영학,경영학,경영학,중어중문,중어중문,중어중문/문화인류학,식품영양학,공대학건축학,경영학,생화학,영어영문,신문방송학/심리학이중,경영학,정치외교학,의류환경학,경영학,경영학,신문방송학,경제학,신학,경영학,독어독문,응용통계,신학,독어독문,경영학,독어독문,생명공학,경영학,신문방송학,문헌정보학,경영학,경영학,경제학/의류환경학,경영학,철학,법학,국제학대학원지역학,심리학,상경계열,상경계열,전산학,국제학,신문방송학,사회학,정치외교학,신문방송학,영문,생화학,신문방송학,경제학,아동가족학,경영학,경영학,영어영문,경영학,경영학,경영학,경제학,경제학,문화인류학,철학,경제학,문화인류학,노어노문,노어노문,기계공학,경영학,경영학,경영학,국제대UIC ASD,영어영문,경영학,문헌정보학,사회복지학,국제대학원국제통상,영어영문,응용통계학,정치외교학,UD CLC,영어영문,사회학대학행정학,영어영문,경영학,경영학,경영학,경제학,행정,영어영문,응용통계학,전기전자공학,경영학,영어영문,경영학,인문,경영학,경영학,경제학,경영학,영어영문,화학공학,주거환경학,정치외교학,국어국문,영어영문,경제학,영어영문,영어영문,정치외교학,사회학,상경계열,영어영문,신문방송학,심리학,의예,사회학,주거환경,국문/신방,경제학,경영학,전기전자공학,경제학,영어영문,경영학,경영학,법,사학/경영학,영어영문,신문방송학,전기전자공학,경영학,경영학,경영학,경제학,경영학,경영학,경영학,경영학,불어불문/영어영문,경영학,경영학,경영학,경제학,경영학,심리학,경제학,문화디자인경영학,경제학,경제학,국제학,신소재공학,생화학,UIC ASD,경영학,화공생명공학,경제학,도시공학,경영학,국문/영문,정치외교학/경제학,신문방송학,의류환경학,인문,영어영문
전기전자공학,정치외교학,,영어영문,불어불문,인문,금속시스템공학,교육학,기계공학,경영학,,경제학,불어불문,수학,생명공학,경영학,경제학,경영학,경영학,경제학,경영학,중어중문,중어중문,중어중문,신문방송학,국어국문/영어영문,경영학,생화학,영어영문,심리학/신문방송학,경영학,주거환경학,정치외교학,경영학,경영학,신문방송학,UIC PSIR,UIC 인문사회학,경영학,독어독문,철학,영어영문,문헌정보학,경영학,문헌정보학,심리학,경영학,신문방송학,생명공학,경영학,경영학,사학,경영학,,사학,기계전자공학,UD CLC,상경계열,생활학대학,주거환경학,국제학,영어영문,식품영양학,주거환경학,신문방송학,의공학,생화학,신문방송학,국어국문,아동가족학/신문방송학,경영학,경영학,영어영문,경영학,경영학,경영학,경제학,경제학,법학,체육교육학,국어국문,문화인류학,노어노문,노어노문,기계공학,경영학,경영학,경영학,국제학,영어영문,경영학,문화인류학,사회복지학,국제학대학원,영어영문,응용통계학,지속개발협력학,사회복지학,영어영문,생화학,영어영문,경영학,경영학,경영학,경제학,,영어영문,의류환경학,정보산업공학,경영학,영어영문,경영학,정치외교학,경영학,경영학,국제학,경영학,영어영문,화학공학,산업공학,정치외교학,국제학,영어영문,교육학,영어영문,영어영문,산업공학,사회환경건축공학,,영어영문,신문방송학,영어영문,정치외교학,사회학,주거환경학,기계전자공학,경제학,경영학,전기전자공학,경제학,영어영문,경영학,경영학,사회복지학,신문방송학,의예,신문방송학,전기전자공학,경영학,경영학,경영학,경제학,경영학,경영학,경영학,경제학,수학,경영학,경영학,경영학,교육학,경영학,심리학,경제학,사회학대학정치외교학,교육학대학사회체육,경제학,노어노문,의류환경학,아동가족학,"사학,신방",경영학,화학공학,교육학,물리학,경영학,국어국문/행정학,정치외교학,심리학,정치외교학,인문,영어영문
전기전자공학,정치외교학,,영어영문,사회학대학,사학,도시공학,국어국문,기계전자공학,경제,,경제학,불어불문,스포츠레저학,신문방송학,경영학,경제학,경영학,경영학,경제학,경영학,중어중문,중어중문,중어중문,신문방송학,국제학,경영학,생활학대학생활디자인학,영어영문,언론홍보영상학,경영학,,,경영학,경영학,UIC ,문헌정보학,영어영문,경영학,독어독문,철학,임상병리학,문화인류학,경영학,문헌정보학,인문,경영학,신소재공학,생명공학,경영학,경영학,상경대학경제학,경영학,,사학,불어불문,의류환경,신문방송학,생활디자인,토목환경공학,국제학대학원,영어영문,신문방송학,중어중문,역사문화학,일반대학원,스포츠레저학,역사문화학,국제학,언론홍보영상학,경영학,경영학,유럽어문,경영학,경영학,경영학,경제학,경제학,사회복지학,화학공학,스포츠레저학/경영학,법학,노어노문,노어노문,기계공학,경영학,경영학,경영학,UD IS,영어영문,경영학,사회복지학,사회복지학,정보산업공학,영어영문,의류환경학,,사회복지학,영어영문,생활디자인학,,경영학,경영학,경영학,계량위험관리,,영어영문,정보산업공학,정보통계학,경영학,영어영문,경영학,정치외교학,경영학,경제학,국제학,경영학,영어영문,,,행정학(경영학이중),도시공학,영어영문,교육학,응용통계학,응용통계학,,생활디자인학,,의류환경학,영문/경영학,영어영문/경영학,주거환경학,상경계열경영학,토목환경공학,사학,교육학,경제학,정보산업공학,공대학생명공학,인문,경영학,경영학,상경대학,신문방송학,행정학,신문방송학,산업공학,경영학,경영학,경영학,경제학,경영학,경영학,경제학,경제학,신학/정치외교학,경영학,경영학,경영학,교육학,경영학,심리학,국어국문,스포츠레저학,교육학,경제학,사회학/영문,행정학,언론홍보영상학/경제학,심리학,경제학,,국어국문,UD CLC,경영학,UIC ASD,화공생명공학,영어영문,중어중문,인문,영어영문
정치외교학,중어중문,,영어영문,사회학,사회복지학,문화디자인경영학,국어국문/경제학,기계전자공학,경제학,,경제학,불어불문,스포츠레저학,심리학,경영학,교육학,경영학,경영학,경제학,경영학,중어중문,중어중문,중어중문,신문방송학,문헌정보학,경영학,생활디자인,인문,응용통계학,경제학,,,경영학,경영학,UD Economics,문헌정보학,영어영문,경영학,독어독문,,정치외교학,법학,경영학,생명공학,철학,경영학,신학,생명공학,경영학,경제,생물학,경영학,,생활디자인,문리대학영어영문,의류환경,신문방송학,신문방송학,,국제학대학원,영어영문,신문방송학,환경공학,영어영문,정보기술학,신문방송학,영어영문,국제학대학원,전기전자공학,경영학,경영학,의공학,경영학,경영학,경영학,경제학,경제학,사회학,,,법학,노어노문,노어노문,대기학,경영학,경영학,경영학,사학,영어영문,경영학,사회학,사회복지학,중어중문,중어중문,컴퓨터과학,,사회학,영어영문,신문방송학,,경제학,경제학,경제학,기계공학,,영어영문,정치외교학,철학,경영학,영어영문,경영학,지구시스템학,경영학,경제학,노어노문,경영학,영어영문,,,,문화인류학,영어영문,교육학,행정학,응용통계학,,신문방송학,,인문,영어영문,전기전자,행정학,생화학,,상경대학,교육학/영문,경제학,정보산업공학,교육학대학체육교육학,인문,경영학,경제학,시스템생물학,UIC ASD,,신학,,경영학,경영학,경영학,경제학,경영학,경영학,경제학,경제학,영어영문,경영학,경영학,경영학,교육학,경영학,영어영문,상경계열,시스템생물학,교육학/경영학,교육학,사회환경건축공학,,영어영문,심리학,경제학,,국제학대학원국제협력,생화학,경영학,사회학,화학,영어영문,천문우주학,컴퓨터과학,영어영문
정치외교학,,,인문,식품영양,사회환경건축공학,법학,국제학대학원,국어국문,경제학,,경제학,불어불문,영어영문/경영학,언론홍보영상학,경영학,국어국문/경제,경영학,경영학,경제학,경영학,중어중문,창의기술경영학,중어중문,신문방송학,물리학,경영학,수학,정보인터렉션디자인,응용통계학,경제학,,,경영학,경영학,UIC ,불어불문,의용전자공학,경영학,독어독문,,정치외교학,보건행정학,경제학,생명학공학,철학,경영학,언론홍보영상학,생화학,경제학,경제학,스포츠레저학,경영학,,스포츠레저학,문헌정보학,정보통신공학,신문방송학,신문방송학,,글로벌인재학한국문화·통상,영어영문,아동가족학,,인문,정치외교학,신문방송학,영어영문,사회복지학,전기전자공학,경영학대학원,경영학,인문,경영학,경영학,경영학,경제학,교육학,식품영양학,,,사학,UIC ASD,노어노문,대기학,경영학,경영학,경영학,사회학,정치외교학,경영학,생활학대학식품영양학,사회학,,지구시스템학,컴퓨터과학,,사회학,의류환경학,신문방송학,,경제학,경제학,경제학,문헌정보학,,의예,토목환경공학,철학,경영학,의류환경학,경영학,철학,경영학,경제학,불어불문,경영학,영어영문,,,,물리학,정치외교학,교육학/경제학,,응용통계학,,심리학,,정치외교학,영어영문,정보인터랙션디자인,,신학,,신문방송학,기계공학,경제학,정보산업공학,교육학대학체육교육학,화학공학,경영학,경제학,신문방송,언론홍보영상학,,심리학,,경영학,경영학,경영학,"경제학,수학",경제학,경영학,경제학,국어국문,영어영문,경영학,경영학,경제학,교육학,경영학,영어영문,상경계열,신문방송학,노어노문,문헌정보학,신문방송학,,영어영문,심리학,경제학,,기계공학,신문방송학,경영학,사회학,,영어영문,,,영어영문
지구시스템학,,,전기전자공학,신문방송학,생명공학,불어불문,기계공학,물리학,경제학,,경제학,불어불문,영어영문,영어영문,경영학,국어국문,경영학,경영학,경제학,경영학,중어중문,,중어중문,신문방송학,불어불문,경영학,신방/경영학,정치외교학,의공학,국어국문,,,경영학,경영학,언론홍보영상학,불어불문,의용전자공학,경영학,독어독문,,행정학,사학,경제학,신소재공학,,경영학,영문/경영학,생활디자인,경제학,경제학,영어영문,경영학,,신문방송학,물리학,정치외교학,신문방송학,UIC ,,글로벌인재학한국문화,의공학,영어영문,,정치외교학,정치외교학,영어영문,정경대학국제관계학,사회복지학,전기전자공학,경영학,경영학,정치외교학,경영학,경영학,경영학,경제학,국어국문,신문방송학,,,사회학대학신문방송학,UIC ASD,노어노문,UIC ASD,경영학,경영학,경영학,생활학,정치외교학,경영학,생활학대학주거환경학,생활디자인,,천문우주학,컴퓨터과학,,산업공학,전기전자공학,심리학,,경제학,경제학,경제학,사회복지학,,의예,행정학,체육교육,경영학,의류환경학,경영학,,경영학,경제학,불어불문,경영학,영어영문,,,,사학,정치외교학,국어국문/영어영문,,인문,,UIC ASD,,정치외교학,영어영문,정치외교학,,영어영문,,신문방송학,기계공학,교육학,중어중문,교육학,,경영학,경제학,신문방송학,영어영문,,영어영문,,경영학,경영학,경영학,경제학/수학,경제학,경영학,경제학,기계전자공학,영어영문(경제학),경영학,경영학,경제학,국어국문,경제학,영어영문,상경대학경제학,신문방송학,사학,법대학법학,심리학,,정치외교학,심리학,경제학,,기계공학,심리학,경영학,사회학,,영어영문,,,영어영문
철학,,,행정학,실내건축,생화학,사회복지학,도시공학,사회체육학,경제학,,경제학,불어불문,영어영문,영어영문,경영학,국제협력,경영학,경영학,경제학,경영학,중어중문,,중어중문,실내건축학,UD CLC,경영학,신소재공학,정치외교학,의류환경/경영학,국제관계학,,,경제학,경영학,언론홍보영상학,불어불문,행정학,경영학,독어독문,,,신학,계량위험관리,심리학,,경영학,영어영문,생활디자인,경제학,경제학,영어영문/경영학,경영학,,실내건축학,사회학,정치외교학,아동가족/사회복지,인문,,글로벌인재학한국문화,정보산업공학,영어영문,,,화학공학,영어영문,정치외교학,사회학,전기전자공학,경제학,경영학,정치외교학,경영학,경영학,경영학,경제학,국어국문,신문방송학,,,사회학,신문방송학,노어노문,사회환경시스템공학,경영학,경영학,경영학,생활디자인학,정치외교학,경영학,생활디자인,생활디자인,,행정학,컴퓨터과학솨,,생명공학,,심리학,,경제학,경제학,경제학,사회복지학,,의예,,행정학,경영학,행정학,경영학,,경영학,경제학,사회학대학정치외교학,경제학,영어영문,,,,사학,정치외교학,국어국문,,전기전자공학,,영어영문,,화학,영어영문,주거환경,,응용통계학,,신문방송학,기계전자공학,교육학,화공생명공학,교육학,,경영학,교육학,실내건축학,정보산업공학,,영어영문,,경제,경제학,경영학,국어국문/영어영문,경제학,경영학,경제학,기계전자공학,의예,경영학,경영학,경제학,물리학,경제학,영어영문,생명학,심리학,사회복지학,법학,언더우드국제학,,행정학/응용통계학,심리학,기계공학,,기계전자공학,영어영문,경영학,사회학,,영어영문,,,정치외교학
철학,,,,심리학,신문방송학,상경계열,문헌정보학,사회학,경제학,,경제학,불어불문,응용통계학,영어영문,경영학,기계공학,경영학,경영학,경제학,경제학,중어중문,,중어중문,언더우드국제학,UD CLC,경영학,신학,정치외교학,전기전자공학/심리학,글로벌인재학,,,경제학,경영학,의류환경학,불어불문,행정학,경영학,독어독문,,,영어영문,독어독문,언론홍보영상,,경영학,영어영문,생활디자인학,교육/영문,교육학,화공생명공학,경영학,,아동가족학,사회환경건축공학,주거환경학,언론홍보영상학,인문,,문헌정보학,정치외교학,영어영문,,,,원주캠퍼스경영학,,사회학,전기전자공학,경제학,경제학,정치외교학,경영학,경영학,경영학,교육학,UIC PSIR,심리학,,,사회학,정치외교학,노어노문,상경대학,경영학,경영학,경제학,신문방송학,체육교육학,경영학,신문방송학,생활디자인학,,행정학,,,식품영양학,,언론홍보영상학,,공대학건축공학,경제학,경제학,사회학,,정치외교학,,,경영학,행정학,경영학,,경영학,경제학,상경계열,경제학,영어영문/사회학,,,,생화학,정치외교학,국어국문,,정치외교학,,영어영문,,,영여영문,철학,,응용통계학,,신소재공학,대기학,국어국문,화학공학,교육학,,경영학,국문,영어영문,중어중문,,영어영문,,경제학,경제학,경영학,국어국문,경제학,경영학,경제학,독어독문,정치외교학,경영학,경영학,경제학,법학,교육학,영어영문,심리학,심리학,생활디자인학,"법학,정치외교학",UD PSIR,,,심리학,물리치료학,,기악,정치외교학,경영학,"사회학,정치외교학",,의예,,,정치외교학
행정학,,,,심리학,신학,상경계열,문헌정보학,사회환경건축공학,경제학,,경제학,불어불문,의류환경학,영어영문,경영학,기계전자공학전기전자,경영학,경영학,교육학대학교육학,국제학대학원,중어중문,,중어중문,영어영문,UD CLC,경영학,심리학,행정학,주거환경학,UIC ASD,,,국어국문,경영학,의류환경학,불어불문,행정학,경제,독어독문,,,영어영문,문화인류학,에너지환경융합(EESE),,경영학,영어영문,신소재공학,도시공학,교육학,,경영학,,영어영문,상경계열,주거환경학,영어영문,재료공학,,문헌정보학,주거환경,의류환경학,,,,의류환경학,,사회학,정치외교학,경제학,경제학,천문우주학,경영학,경영학,경영학,국문,독어독문/정치외교학,심리학,,,사회학,,노어노문,상경대학,경영학,경영학,상경계열,신문방송학,행정학,경영학,심리학,생활디자인학,,,,,신문방송학,,영문및신방,,국어국문,경제학,경제학,생물학,,정치외교학,,,경영학,,경영학,,경제학,경제학/경영학,UD Economics,기계공학,영어영문,,,,생활디자인,정치외교학,법학,,주거환경,,영어영문,,,,행정학,,응용통계학,,심리학,독어독문,국제관계학,화학공학,교육학,,경영학,국어국문,영어영문,행정학,,응용통계학,,경제학,경제학,경영학,국제,경제학,경영학,경제학,영어영문,정치외교학,경영학,경영학,경제학,불어불문,문화인류학,응용통계학,심리학,심리학,수학,사학/심리학,영어영문,,,언론홍보영상학,법학,,도시공학,정치외교학,경영학,생화학,,정치외교학,,,
,,,,영어영문,영어영문,생물자원공학,바이오융합,생활학대학주거환경학,경제학,,경제학,사회학,정치외교학,영어영문,경영학,법무대학원,경영학,경영학,국어국문,국제학대학원,중어중문,,중어중문,영어영문,사학,경영학,아동가족학,,주거환경학/경영학,문헌정보학(복수불어불문),,,국제학,경영학,의류환경학,불어불문,,경제학,독어독문,,,유럽어문,물리학,에너지환경융합(EESE),,경영학,영어영문,영어영문,독어독문,국어국문,,경영학,,영어영문,상경대학,패키징학,의류환경,정치외교학,,문헌정보학,중어중문,인문,,,,인문,,신문방송,철학,경제학,경제학,철학,경영학,경영학,경제학,국어국문,법학,심리학,,,사회학,,노어노문,생활디자인,경영학,경영학,,신문방송학,,경영학,심리학,생활디자인학,,,,,신문방송학,,영어영문,,국제학,경제학,경제학,생활학,,중어중문,,,경영학,,경영학,,경제학,경제학,언론홍보영상학,기계전자공학,응용통계학,,,,수학,정치외교학,불어불문,,지구시스템학,,영어영문,,,,,,응용통계학,,심리학,불어불문,노어노문,화학,교육학,,경영학,기계공학,인지학협동정,화학,,의공학,,경제학,경제학,경영학,국제관계학,국어국문,경영학,경제학,문헌정보학,정치외교학,경영학,경영학,교육학,사학,상경계열,의류환경학,심리학,심리학,식품영양학,사회학,의예,,,영어영문,사회복지학,,UIC ASD,철학,경영학,식품영양학/문화인류학,,정치외교학,,,
,,,,영어영문,영어영문,생물학,법학,생활학,경제학,,경제학,식품영양학,행정학,영어영문,경제학,사학,경영학,경영학,노어노문,국제학대학원,,,중어중문,정치외교학,사학,경영학,영어영문,,중어중문/정치외교학,문화디자인경영학,,,국제학,경제학,의류환경학,불어불문,,경제학,독어독문/영어영문,,,응용통계학,신문방송학,전기전자공학,,경영학,의공학,응용통계학,문헌정보학,UIC ASD,,경영학,,응용통계학,생명공학,행정,인문,정치외교학,,문헌정보학,행정학,자연과학,,,,철학,,신문방송학/철학,행정학,경제학,경제학,행정학,경영학,"경영학,사회학",경제학,법학,사회학,영문,,,사회학,,노어노문,생활디자인학,경영학,경영학,,신학,,경영학,영어영문,생활디자인학,,,,,실내건축학,,영어영문,,국제학대학원,경제학,경제학,식품영양학,,철학,,,경제학,,경영학,,경제학,교육학,영어영문/정치외교학,문헌정보학,작업치료학,,,,식품영양학,정치외교학,사학,,산업공학,,영어영문,,,,,,응용통계학,,심리학,사학,도시공학,,국어국문,,경영학,노어노문,정치외교학,,,의용전자공학,,경제학,경제학,경영학,국제관계학,기계공학,경영학,경제학,문화인류학,정치외교학,경제학,경영학,교육학,생화학,상경계열,의예,심리학,심리학,식품영양학,생물학,의예,,,영어영문,사회학,,문헌정보학,철학,경영학,신문방송학,,,,,
,,,,영어영문,유럽어문,생물학,상경계열,생활디자인,경제학,,UD Economics,응용통계학,,영어영문,경제학,사학,경영학,경영학,노어노문/경영학,국제학대학원국제경영학,,,중어중문,정치외교학,사회복지학,경영학,의공학,,패키징학,법학,,,국제학,경제학,행정학,불어불문,,경제학,독어독문,,,철학,신문방송학,전기전자공학,,경영학,의류환경학,응용통계학,사회계열,UIC ASD,,경영학,,의류환경학,생활디자인,화학공학,정치외교학,주거환경학,,문화인류학,화학,전기전자,,,,,,UD CLC,행정학/경제학,경제학,상경계열,,경영학,노어노문,경제학,법학,상경계열,영어영문,,,생활디자인,,노어노문,수학,경영학,경영학,,신학,,경제,영어영문,시스템생물학,,,,,UIC ASD,,영어영문,,국제학,국어국문,교육학,신문방송학,,,,,경제학,,경영학,,국제학,교육학,영어영문/정치외교학,산업공학,정보산업공학,,,,신문방송학,정치외교학,"사회학,도시공학",,산업공학,,응용통계학,,,,,,응용통계학,,언더우드경제,사학,도시공학,,국어국문,,경영학,,철학,,,인문,,경제학,경제학,경영학,국제관계학,노어노문,경영학,경제학,법학,컴퓨터과학,경제학,경제학,국어국문,생활디자인,생활디자인,인문,영어영문,심리학,식품영양학/경영학,생화학,의예,,,영어영문,사회학,,문헌정보학,체육교육,경영학,신문방송학,,,,,
,,,,영어영문,응용통계학,스포츠레저학,생활디자인,생활디자인,사회복지학,,법학,정치외교학,,영어영문,경제학,사회학,경영학,경영학,대기학,상경계열,,,중어중문,정치외교학,사회복지학/경제학,경영학,정치외교학,,행정학,불어불문,,,문화디자인경영학,경제학,,불어불문,,경제학,문화인류학,,,,실내건축학,정보산업공학,,경영학,의류환경학,응용통계학,상경계열,국제학,,경영학,,의류환경학,시각디자인학,화학,정치외교학,산업공학,,UD CLC,화학,전기전자공학,,,,,,의공학,화공생명공학,경제학,상경계열,,경영학,심리학,경제학,법학,상경계열,영어영문,,,식품영양학,,노어노문,스포츠레저학/응용통계학,경영학,경영학,,UIC ,,경제학,영어영문,식품영양학,,,,,언더우드국제학,,영어영문,,국제학경제학,대기학,교육학/영어영문,신소재공학,,,,,경제학,,경영학,,국제학,교육학/경제학,영어영문,상경계열경영학,철학,,,,신문방송학,중어중문&amp;경영학,사회학,,행정,,의예,,,,,,의류환경학,,UIC 생명공학,사회계열,독어독문,,국어국문,,경영학,보건행정학,행정학,,,전기전자공학,,경제학,경제학,경영학,기계공학,UIC ASD,경영학,교육/경제,법학,행정학,경제학,경제학,금속시스템공학,신문방송학,신문방송학,정보산업공학,영어영문,UIC ASD,신문방송학/경영학,"수학,경제",의학,,,영어영문,사회학,,사회학,체육교육학,경영학,신문방송학,,,,,
,,,,응용통계학,인문,시스템생물학,UIC ,신문방송학,심리학,,사회복지학,정치외교학,,"응용통계,심리",경제학,사회학,경영학,경제학,독어독문/정치외교학,상경계열,,,중어중문,중어중문,사회학,경영학,천문우주학,,,불어불문,,,불어불문,UIC ASD,,불어불문,,경제학,사학,,,,심리학,지구시스템학,,경제학,전기전자공학,응용통계학,상경계열,기계공학,,경영학,,의류환경학,신문방송학대학원,,행정학,산업공학,,UD CLC,,정치외교학,,,,,,인문,,경제학,생활디자인,,경영학,의류환경학,교육학,법학,식품영양/정치외교학,영어영문,,,식품영양학,,노어노문,신문방송학,경영학,경영학,,영어영문,,경제학,영어영문,신문방송학,,,,,영어영문,,영어영문,,국제학국제학,도시공학/응용통계학,국어국문/정치외교학,신학,,,,,경제학,,경영학,,,국어국문,영어영문,생명공학,,,,,심리학,,상경계열,,화공생명공학,,인문,,,,,,의류환경학,,UD Economics,사회학,국어국문,,국제관계학/정치외교학,,경영학,사회복지학,행정학,,,정치외교학,,경제학,경제학,경영학,기계공학,중어중문,경영학,교육/경제학,보건행정학,화공생명공학,경제학,경제학,기계공학,아동가족학,신문방송학,정치외교학,영어영문,언더우드경제학,실내건축,수학,정치외교학,,,영어영문,상경계열,,사회환경시스템공학,"체육교육학,신문방송학",경영학,심리학/경영학,,,,,
,,,,의공학,인문,신문방송학,언론홍보영상학,신문방송학,언론홍보영상학,,사회학/경제학,정치외교학,,의예,경제학,사회학,경영학,경제학,법학,상경계열,,,중어중문,철학,사회학,경영학,토목*환경공학,,,불어불문,,,불어불문,불어불문,,불어불문,,경제학,사회복지학,,,,심리학,천문우주학,,경제학,정치외교학/경제,응용통계학,상경계열,"문헌정보학,중어중문",,경영학,,의류환경학,신문방송학,,,산업공학,,사학,,컴퓨터과학,,,,,,작업치료학,,국어국문,생활디자인,,경영학,정치외교학,교육학,법학,신문방송학,영어영문,,,신문방송학,,노어노문,신문방송학,경영학,경제학,,영어영문,,경제학,영어영문,신문방송학,,,,,영어영문,,영어영문,,불어불문/사회학,독어독문/정치외교학,국어국문,심리학,,,,,경제학,,경영학,,생활디자인,국제학,영어영문,생명공학,,,,,심리학,,상경계열,,화학공학,,정치외교학,,,,,,정보산업공학,,언론홍보영상학,사회학,문헌정보학,,기계/경영학,,경영학,사회복지학,행정학,,,정치외교학,,경제학,경제학,경영학/정치외교학,기계공학,문화인류학,경영학,교육학,사회계열,,경제학,경제학,도시공학,UD Economics,신학,정치외교학,유럽어문,언더우드경제학,심리학,신문방송학,정치외교학,,,정보산업공학,생활디자인학,,상경대학응용통계학,토목환경공학,경영학,심리학,,,,,
,,,,의류환경,인문,신문방송학,영어영문,신문방송학,언론홍보영상학,,상경계열경영학,정치외교학,,자연과학,경제학,상경계열,경제학,경제학,사학,상경계열,,,중어중문,토목환경공학,사회학,경영학,행정학,,,불어불문,,,불어불문,불어불문,,불어불문,,문리대학생명학,상경계열,,,,아동가족학,컴퓨터과학,,경제학,중어중문/영어영문,응용통계학,영어영문,문화인류,,경영학,,의류환경학,심리학,,,,,사회학,,화공생명공학,,,,,,정치외교학,,"문화디자인경영학(UIC ),경영학",생활디자인,,경영학,주거환경학,국어국문,법학,신문방송학,정보산업공학,,,신문방송학,,노어노문,신문방송학,경영학,경제학,,의류환경학,,경제학,영어영문,실내건축학,,,,,영어영문,,영어영문,,사학/신문방송학,법학,국어국문,심리학,,,,,경제학,,경영학,,UD Economics/심리학,기계공학,정치외교학,생화학,,,,,아동가족학,,식품영양학,,화학공학,,중어중문,,,,,,정치외교학,,영어영문,사회학,물리학,,기계공학,,경영학,사회복지학,행정학,,,체육교육,,경제학,경제학,경제학,기계공학,사학,경영학,교육학,사회복지학,,교육학,경제학,도시공학,UIC ,심리학,,응용통계학,UIC ,영어영문,심리학,정치외교학,,,정치외교학,수학,,생화학,화공생명공학,경영학,심리학,,,,,
,,,,의류환경학,인문,신문방송학,영어영문,영어영문,영어영문,,생활학대학식품영양학,정치외교학,,정치외교학,교육학,상경계열,경제학,문헌정보학,사회복지학,상경계열,,,중어중문,행정학,사회학,경영학,화학,,,불어불문,,,불어불문,상경계열,,불어불문,,상경계열,생활디자인학,,,,UD Economics,토목환경공학,,경제학,토목환경공학,응용통계학,정치외교학,"불어불문,경영학",,경제학,,의류환경학,심리학,,,,,사회학,,화공생명공학,,,,,,주거환경,,사회학/경영학,신문방송학,,경영학,,국제관계학,사학,신문방송학,정치외교학,,,신문방송학,,노어노문,신소재공학,경영학,경제학,,의류환경학,,경제학,영어영문,심리학,,,,,의예,,영어영문,,사학,법학,기계공학,심리학,,,,,경제학,,경영학,,UD Economics,대기학,행정학,신소재공학,,,,,영문,,신문방송학,,,,중어중문/경영학,,,,,,화학,,영어영문,산업공학,물리학,,노어노문,,경영학,사회학,,,,산업공학,,경제학,경제학/심리학,경제학,노어노문,사회학,경영학,교육학/경제학,사회복지학,,물리학,국어국문,문대심리학,영어영문,심리학,,의예,UIC IS,영어영문,심리학,정치외교학,,,정치외교학,스포츠레져학,,신문방송학,화공생명공학,경영학,심리학,,,,,
,,,,의류환경학,자연과학,신문방송학,영어영문,응용통계학,응용통계학,,식품영양/경영학,지구시스템학,,정치외교학,교육학,상경계열,경제학,사회학,사회학/컴퓨터과학,상경계열,,,중어중문,행정학,사회학,경영학,,,,상경대학경제학,,,불어불문,생활디자인학,,불어불문,,상경계열,심리학,,,,영어영문,행정학,,교육학,행정학,의류환경학,중어중문,UD CLC,,경제학,,정치외교학,역사문화학,,,,,상경계열,,,,,,,,철학,,사회학,신문방송학,,경영학,,국제관계학,사회학대,신문방송학,정치외교학,,,신문방송학,,노어노문,신학,경영학,경제학,,전기전자공학,,경제학,영어영문,심리학,,,,,정치외교학,,의공학,,사학,법학,기계공학,심리학,,,,,국어국문,,경영학,,언론홍보영상학/경영학,"독문,경제학",,신소재공학,,,,,영어영문,,심리학,,,,철학,,,,,,,,영어영문,"수학,응용통계학",사학,,도시공학,,경영학,상경계열,,,,화학공학,,경제학,공대학건축공학,경제학,노어노문,상경계열,경영학,국어국문/언론홍보영상학,사회복지학,,사회복지학,기계공학,심리학,의류환경학,심리학,,인문,UIC IS,의류환경학,심리학,정치외교학,,,정치외교학,신문방송학,,신문방송학,화학공학,경영학,아동가족학,,,,,
,,,,인문,전기전자공학,신문방송학,영어영문,응용통계학,정치외교학,,UIC ,,,정치외교학,교육학,생명공학,경제학,상경계열,사회학,상경계열,,,중어중문,행정학,"식품영양학,심리학",경영학,,,,생활디자인,,,불어불문,식품/경영학/의류,,불어불문,,생활디자인,영어영문,,,,영어영문,화공생명공학,,교육학,화공생명공학,전기전자공학,행정학,UD CLC,,경제학,,행정학,원주캠퍼스정경대학국제관계학,,,,,식품영양학,,,,,,,,,,사회학/경영학,신문방송학,,경영학,,노어노문,사회학,심리학,철학,,,신학,,노어노문,언론홍보영상학,경영학,경제학,,전기전자공학,,UIC ASD,영어영문,언론홍보영상학,,,,,정치외교학,,정치외교학,,사학,법학,불어불문,영어영문,,,,,국제관계,,경영학,,영어영문,문헌정보학,,UIC ,,,,,영어영문,,아동가족학,,,,철학,,,,,,,,영어영문,신문방송학,사회체육학,,문헌정보/경영학,,경영학,상경계열,,,,화학,,경제학,공대학컴퓨터과학,경제학,대기학,생명공학,경영학,국제관계,"사회학,심리학",,사회복지학,바이오융합,물리학,인문,심리학,,정치외교학교,UIC ,정치외교학,심리학,정치외교학,,,,신문방송학,,신소재공학,,경영학,언론홍보영상학,,,,,
,,,,전기전자공학,전기전자공학,UIC ASD,영어영문,의공학,정치외교학,,UD Economics,,,정치외교학,국어국문,생물학,경제학,상경계열,사회학,상경계열,,,중어중문,행정학,신문방송학,경영학,,,,식품영양학,,,불어불문,식품영양,,사학,,심리학,영어영문,,,,영어영문,화학,,국어국문,,전기전자공학,행정학/경영학,상경계열,,경제학,,,의류환경학,,,,,신학,,,,,,,,,,생활디자인/경영학,신문방송학,,경영학,,도시공학,상경계열,심리학,토목환경공학,,,실내건축학,,노어노문,언론홍보영상학,경영학,독어독문,,정치외교학,,법대학,영어영문,영어영문,,,,,정치외교학,,정치외교학,,사학,법학,사학,영어영문,,,,,국제대학원,,경영학,,영어영문,문화디자인경영학,,UIC ,,,,,영어영문,,영문/경영학,,,,커뮤니케이션대학원,,,,,,,,영어영문,신문방송학,상경계열,,문헌정보학,,경영학,상경계열,,,,,,교육학,기계공학,경제학,도시공학,생명학,경영학,국제관계확,심리학,,사회학,불어불문,물리학,전기전자공학,아동가족학,,,UIC 생명학,정치외교학,심리학,정치외교학,,,,신문방송학,,신소재공학,,경영학,언론홍보영상학(신문방송학),,,,,
,,,,전기전자공학,정치외교학,언론홍보영상학,의류환경학,의류환경학,정치외교학,,중어중문,,,중어중문,국어국문,생화학,경제학,상경계열,상경계열,,,,행정학,,신문방송학,경영학,,,,신문방송학,,,불어불문,심리학,,사학,,의류환경학,영어영문,,,,의공학,화학,,국제관계학,,전기전자공학,,생화학,,경제학,,,인문,,,,,심리학,,,,,,,,,,신문방송학,실내건축학,,경영학,,도시공학,신문방송학,심리학,화학공학,,,심리학,,노어노문,영어영문,경영학,문헌정보학,,정치외교학,,법학,응용통계학,영어영문,,,,,테크노아트학문화디자인경영학,,정치외교학,,사학,법학,사학/정치외교학,응용통계학,,,,,국제학대학원,,경영학,,영어영문,사학,,UIC ,,,,,영어영문,,영어영문,,,,,,,,,,,,응용통계학,신소재공학,수학,,문화인류학,,경영학,생물학,,,,,,교육학,도시공학,경제학,UIC ASD,생명시스템생명공학,경영학,UIC PSIR,심리학,,상경계열,불어불문,불어불문,정치외교학,UD Economics,,,UIC 정치외교학,정치외교학,영어영문,행정학,,,,신학,,신학/영어영문,,경영학,영어영문,,,,,
,,,,전기전자공학,정치외교학,언론홍보영상학,의류환경학,의류환경학,중어중문,,,,,행정학,물리치료학,생활디자인학,경제학,상경계열,상경계열,,,,행정학,,신문방송학,경영학,,,,신문방송학,,,불어불문,의류환경학,,사회계열,,정보산업공학,유럽어문,,,,의류환경학,환경공학,,국제관계학,,전기전자,,세라믹공학,,UIC ASD,,,임상병리학,,,,,UIC ASD,,,,,,,,,,UIC ,영어영문,,경영학,,문헌정보학,신문방송학,UIC ,,,,심리학,,노어노문,영어영문,경영학,상경계열,,정치외교학,,상경계열,의류환경,영어영문,,,,,행정학,,중어중문,,사회복지학,법학,사회학대학행정학,의류환경학,,,,,기계공학,,경영학,,영어영문,사회복지학/경제학,,영어영문,,,,,영어영문,,영어영문/경제학,,,,,,,,,,,,의예,아동가족학,식품영양학,,"법학,경제학",,경영학,시스템생물학,,,,,,"교육학(본교),GenderStUD ies(파견교)",법학(경영학이중),경제학,UIC ASD,신문방송학,경영학,국제학,언더우드국제대학,,상경계열,사회복지학,불어불문,"정치외교학,경제학",언론홍보영상학,,,UD Economics,주거환경&amp;아동가족,영어영문,,,,,실내건축학,,심리학,,경영학,영어영문,,,,,
,,,,컴퓨터과학,치의예,영어영문/문헌정보,전기전자공학,의류환경학,행정학,,,,,,법학,식품영양학,경제학,상경계열,생활디자인,,,,,,신문방송학,경영학,,,,언론홍보영상학,,,"불어불문,경영학",철학,,사회복지학,,정치외교학,인문,,,,전기전자공학,,,UD PSIR,,정보산업공학,,UIC ASD,,상경계열,,,정치외교학,,,,,UIC ASD,,,,,,,,,,UIC ,영어영문,,경영학,,법학,심리학,UIC PSIR,,,,심리학,,노어노문,영어영문,경영학,수학/경제학,,중어중문,,상경계열,의류환경학,영어영문,,,,,,,중어중문,,사회학,불어불문/경영학,사회복지학,의류환경학,,,,,기계공학,,경영학,,영어영문,산업공학,,의류환경학,,,,,영어영문,,응용통계학,,,,,,,,,,,,의예,아동가족학,신문방송학,,법학,,경영학,신학,,,,,,국어국문,불어불문,경제학/언론홍보영상학,문화디자인경영학,심리학,경영학,기계공학,영어영문,,생명공학,사회복지학,사학,정치외교학,언론홍보영상학,,,UD Economics,행정학,영어영문,,,,,심리학,,심리학,,경영학,영어영문,,,,,
,,,,화공학,치의예,영어영문,정치외교학,의용전자공학,행정학,,,,,,법학,식품영양학,경제학,상경계열,스포츠레저학,,,,,,심리학,경영학,,,,언론홍보영상학,,,사학,,,생활디자인학,,주거환경,정치외교학,,,,정치외교학,,,기계공학,,정보산업공학,,언더우드경제,,상경계열,,,정치외교학,,,,,UIC ,,,,,,,,,,언론홍보영상학,윤석기,,경영학,,법학,심리학,UD PSIR,,,,심리학,,노어노문,응용통계학,경영학,신문방송/경영학,,,,상경대학,전기전자공학,의류환경,,,,,,,행정학/문화비평학,,사회학,사회학&amp;신학,사회복지학,의예,,,,,기계전자공학,,경영학,,의예,산업공학,,의예,,,,,영어영문,,응용통계학,,,,,,,,,,,,전기전자공학,UIC IS,신문방송학,,사학/경제학,,경영학/법학,심리학,,,,,,UIC ,사회학,교육학,문화인류학/철학,심리학,경제/언론홍보영상,기계공학,영어영문,,스포츠레저학,사회복지학,사회복지학,정치외교학,영어영문,,,UD IS,행정학,영어영문,,,,,심리학,,언론홍보영상학,,경영학,정치외교학,,,,,
,,,,,컴퓨터과학,영어영문,정치외교학,전기전자공학,행정학,,,,,,불어불문,식품영양학,교육학,상경계열,시스템생물학,,,,,,심리학,경제학,,,,응용통계학,,,사학,,,신대학신학,,화학공학,정치외교학,,,,정치외교학,,,기계공학,,정치외교학,,UIC ,,상경계열,,,화학및의화학,,,,,UIC ,,,,,,,,,,언론홍보영상학,응용통계학,,경영학,,불어불문,심리학,언론홍보영상학/경영학,,,,심리학,,UIC ASD,의공학,경영학,아동가족학,,,,상경대학상경계열,정치외교학,전기전자공학,,,,,,,행정학,,생활디자인학,사회학,사회학,의예,,,,,도시공학,,경영학,,정치외교학,상경계열,,의예,,,,,영어영문,,응용통계학,,,,,,,,,,,,정치외교학,영어영문,심리학,,사학,,경영학/정치외교학,심리학,,,,,,국제학,사회학/서양사학,교육학,문화인류학,심리학,경제학,노어노문,영어영문,,식품영양학,사회복지학,사회체육학,정치외교학,영어영문,,,언더우드학생명학공학,행정학,영어영문,,,,,아동가족학,,영어영문,,경영학,행정/경제학,,,,,
,,,,,컴퓨터과학,영어영문,정치외교학,전기전자공학,,,,,,,불어불문,신소재공학,교육학,상경계열,신학/정치외교학,,,,,,심리학,경제학,,,,의류환경학,,,생활디자인,,,신문방송학,,,,,,,정치외교학,,,노어노문,,정치외교학,,UD Economics,,상경계열,,,화학,,,,,UIC ,,,,,,,,,,언론홍보영상학`,의류환경,,경영학,,사회복지/경영학,영어영문,언론홍보영상학/경영학,,,,아동가족,,UIC ASD,의공학,경영학,UIC ,,,,의류환경학/경영학,정치외교학,전기전자공학,,,,,,,행정학,,수학,사회학,사회학,의예,,,,,문헌정보/경제,,경영학,,정치외교학,상경계열,,의예,,,,,영어영문,,응용통계학,,,,,,,,,,,,정치외교학,영어영문,심리학,,상경계열,,경제학,심리학,,,,,,국제학,사회학,교육학,UD CLC,심리학,경제학,노어노문,영어영문,,신문방송학,사회학,사회학,정치외교학,영어영문,,,영어영문/신문방송학,행정학,영어영문,,,,,아동가족학,,영어영문,,경영학,행정학,,,,,
,,,,,행정학,영어영문,정치외교학,주거환경학,,,,,,,불어불문,신소재공학,교육학,상경대학,심리학,,,,,,심리학,경제학,,,,전기전자공학,,,신문방송학,,,UIC IS,,,,,,,행정학,,,도시공학,,중어중문,,UIC IS,,상경계열,,,,,,,,UIC ASD,,,,,,,,,,응용통계학,의류환경학,,경영학,,사회학,영어영문,언론홍보영상학/철학,,,,아동가족학,,,의공학,경영학,의류환경학,,,,의류환경학,정치외교학,전기전자공학,,,,,,,,,시스템생물학,생명공학,수학,정치외교학,,,,,문헌정보학,,경영학,,정치외교학,생명공학,,의용공학,,,,,유럽어문,,전기전자공학,,,,,,,,,,,,산업공학,영어영문,영어영문,,상경계열경영학/응용통계,,경제학,언론홍보영상학,,,,,,글로벌행정,사회학,교육학,UD CLC,심리학,경제학,UIC ASD,응용통계학,,신문방송학,시스템생물학,사회학,정치외교학,영어영문,,,영어영문,행정학,인문,,,,,영어영문,,영어영문/경제학,,경영학,행정학,,,,,
,,,,,,외교통상학,주거환경,주거환경학,,,,,,,사학,신소재공학,교육학,신소재공학,아동가족,,,,,,심리학,경제학,,,,정치외교학,,,신문방송학,,,UIC ASD,,,,,,,행정학,,,UIC ASD,,산업공학,,UIC ,,언더우드국제학,,,,,,,,언더우드국제학,,,,,,,,,,응용통계학,주거환경,,경영학,,사회학,의류환경학,영어영문/사회학,,,,아동가족학,,문헌정보학,의류환경학,경영학,,,,,정치외교학,정치외교학,정치외교학,,,,,,,,,신문방송학,생활디자인,식품영양학,주거환경학,,,,,사회학,,경제,,,신소재공학,,인문,,,,,의류환경학,,정치외교학,,,,,,,,,,,,화공생명공학,영어영문,영어영문,,생명공학/응용통계학,,경제학,영어영문,,,,,,기계공학,사회학,교육학,사학,아동가족/정치외교학,경제학,문화디자인경영학,전기전자공학,,신문방송학,신문방송학,상경계열,행정학,영어영문,,,영어영문,화학,정치외교학,,,,,영어영문,,인문,,경영학,행정학,,,,,
,,,,,,유럽어문,철학,"철학,신문방송학",,,,,,,사학/신문방송학,신소재공학,교육학,심리학,아동가족학,,,,,,UIC ,경제학,,,,정치외교학,,,신문방송학,,,언더우드국제대정치외교학,,,,,,,행정학,,,UIC ASD,,산업공학,,UIC 경제학,,영어영문,,,,,,,,언더우드국제학,,,,,,,,,,응용통계학,테크노아트학,,경영학,,사회학,전기전자공학,영어영문및문화비평학,,,,아동가족학,,신문방송학,재료공학,경영학,,,,,정치외교학,주거환경학,주거환경학,,,,,,,,,심리학,세라믹공학,신문방송학,화학,,,,,사회학/신학,,경제학,,,신학/영어영문,,전기전자공학,,,,,의예,,정치외교학,,,,,,,,,,,,,영어영문,영어영문,,스포츠레저학,,경제학,영어영문,,,,,,나노학공학,산업디자인학,교육학/경제학,사학/언론홍보영상학,영어영문,경제학,문화인류학,전기전자공학,,실내건축학,신문방송학,상경계열,행정학,응용통계,,,영어영문,,주거환경학,,,,,영어영문,,전기전자공학,,경영학,화공생명공학,,,,,
,,,,,,응용통계학,화학,산업공학,,,,,,,사학,신소재공학,국어국문,행정학,UD CLC,,,,,,UIC ,경제학,,,,창의기술학,,,신소재공학,,,UIC ,,,,,,,,,,UIC ASD,,토목환경,,UD CLC,,응용통계학,,,,,,,,언더우드국제학,,,,,,,,,,정치외교학,,,경영학,,사회환경시스템공학,철학/사회학,영어영문/신문방송학,,,,영어영문,,언론홍보영상학,전기전자공학,경제학,,,,,중어중문,천문우주학,천문우주학,,,,,,,,,UIC ASD,스포츠레저학,신소재공학,,,,,,상경계열,,경제학,,,심리학,,전기전자공학,,,,,인문,,정치외교학/경제학,,,,,,,,,,,,,유럽어문,영어영문,,스포츠레저학,,경제학,영어영문,,,,,,노어노문,생명공학,국어국문/신문방송학,사회복지학,응용통계학,경제학,문화인류학,전기전자공학,,"심리,경영학",신문방송학,상경대학경제학,,이과대학의예,,,영어영문,,주건환경학,,,,,영어영문,,전기전자공학,,경영학,,,,,,
,,,,,,의공학,,산업공학,,,,,,,사회학,신소재공학,국어국문,행정학/경제학,UIC ,,,,,,언론홍보영상/사회학,경제학,,,,행정학,,,실내건축학,,,UIC ,,,,,,,,,,문화인류학,,행정학,,언론홍보영상학,,의류환경학,,,,,,,,UIC ,,,,,,,,,,,,,경영학,,상경계열,행정학,영어영문,,,,영어영문,,철학/노어노문,전기전자공학,경제학,,,,,행정학,철학,철학,,,,,,,,,UIC ASD,신문방송,심리학,,,,,,수학/경제학,,경제학,,,아동가족,,전기전자공학,,,,,인문,,주거환경,,,,,,,,,,,,,유럽어문,영어영문,,스포츠레저학,,경제학,응용통계학,,,,,,독어독문,생명공학,국어국문/신문방송학,사회복지학,응용통계학,경제학,물리학,전기전자공학,,심리학,심리학,생명공학,,인지학협동정,,,응용통계학,,중어중문,,,,,영어영문,,정보산업공학,,경영학,,,,,,
,,,,,,의류환경학,,화학공학,,,,,,,사회학,신학,국어국문,,UD Economics,,,,,,언론홍보영상학/사회학,경제학,,,,행정학,,,실내건축학,,,UIC PSIR,,,,,,,,,,사학,,화학공학,,연세언더우드국제학,,의류환경학,,,,,,,,UIC ,,,,,,,,,,,,,경영학,,상경계열,행정학,영어영문,,,,영어영문,,,정보산업공학,경제학,,,,,행정학,토목환경공학,행정,,,,,,,,,UIC ,신문방송학,아동가족/신문방송,,,,,,스포츠레저학,,경제학,,,아동가족학,,정보산업공학,,,,,정치외교학,,주거환경,,,,,,,,,,,,,응용통계/경제,"영어영문,경제학",,식품영양학,,경제학,응용통계학,,,,,,UIC ASD,생명학,도시공학/경제학,사회학/심리학,의공학,경제학,물리학,전기전자공학,,영문/경영학,심리학,생화학,,정치외교학,,,인문,,중어중문,,,,,의공학,,정치외교학/경제학,,경영학,,,,,,
,,,,,,이과대학생물학,,,,,,,,,생화학,심리학,국제통상,,영문/불문,,,,,,영어영문,경제학,,,,행정학,,,실내건축학,,,언더우드대학정치외교학,,,,,,,,,,사회학,,화학,,영어영문,,의류환경학,,,,,,,,UIC ,,,,,,,,,,,,,경영학,,상경계열,,영어영문,,,,영어영문,,,정보산업공학,경제학,,,,,,행정학,행정/경영학,,,,,,,,,UIC ,신학&amp;경제학,언론홍보영상학,,,,,,스포츠레저학,,교육학,,,"영문,경영학",,정보산업공학,,,,,정치외교학,,중어중문,,,,,,,,,,,,,응용통계학,응용통계학/경제학,,신문방송학,,경제학,의류환경학,,,,,,UIC ASD,생활디자인학,도시공학,사회학/정치외교학,의공학,경제학/수학,불어불문,전기전자공학,,영어영문,아동가족학,생활디자인학,,정치외교학,,,전기전자공학,,산업공학,,,,,의류환경,,체육교육학,,경영학,,,,,,
,,,,,,자연과학,,,,,,,,,수학,심리학,국제학,,영어영문,,,,,,영어영문,경제학,,,,,,,언더우드국제학,,,영어영문,,,,,,,,,,사회학,,,,영어영문,,,,,,,,,,UIC ,,,,,,,,,,,,,경영학,,생활디자인,,영어영문,,,,영어영문,,,정보통계학,경제학,,,,,,화학공학,행정학,,,,,,,,,UIC ,신학/신문방송학,언론홍보영상학/스포츠레저학,,,,,,신문방송,,국제경영학,,,영어영문&amp;경영학,,정보산업공학,,,,,주거환경,,행정학,,,,,,,,,,,,,전기전자,의류환경/신문방송,,신문방송학,,경제학,의류환경학,,,,,,UIC ASD,수학,도시공학,사회학,의공학,경제학/컴퓨터과학,사학,전기전자공학,,영어영문,UIC ASD,식품영양,,정치외교학,,,정치외교학,,행정학,,,,,의류환경학,,산업공학,,경영학/경제,,,,,,
,,,,,,작곡,,,,,,,,,신문방송학,심리학,국제학,,영어영문,,,,,,영어영문/심리학,경제학,,,,,,,UIC ,,,의류환경학,,,,,,,,,,상경계열,,,,영어영문,,,,,,,,,,UIC 계량위험관리,,,,,,,,,,,,,경영학,,생활디자인,,영어영문,,,,영어영문,,,정보통계학,경제학,,,,,,,행정학,,,,,,,,,영어영문,UIC 문화디자인경영학,영어영문,,,,,,신문방송학,,문화인류학,,,영어영문/경영학,,정치외교학,,,,,행정학,,,,,,,,,,,,,,,전기전자공학,의예,,신문방송학,,경제학,인문,,,,,,문헌정보학,수학,UIC ASD,사회학,의공학,국어국문/신문방송,사학,전기전자공학,,영어영문,UD Economics,신문방송학,,지구시스템학,,,정치외교학,,,,,,,인문,,행정학,,경제학,,,,,,
,,,,,,전기전자공학,,,,,,,,,신문방송학,아동·가족,금속시스템,,영어영문,,,,,,의공학,교육학,,,,,,,언론홍보영상학,,,정치외교학,,,,,,,,,,상경대학경제학,,,,응용통계학,,,,,,,,,,UIC UD ,,,,,,,,,,,,,경영학,,생활디자인,,영어영문,,,,영어영문,,,정치외교학,계량위험관리학,,,,,,,,,,,,,,,,영어영문,UD CLC,영어영문,,,,,,신문방송학,,불어불문,,,영어영문,,주거환경학,,,,,화학,,,,,,,,,,,,,,,전기전자공학,작곡,,실내건축학,,교육학,인문,,,,,,문화디자인경영학,수학,문헌정보/경영학,사회학,의공학,국어국문,"사학,신문방송학",전기전자공학,,유럽어문,언론홍보영상학,신문방송학,,화학,,,정치외교학,,,,,,,전기전자공학,,행정학,,경제학,,,,,,
,,,,,,정치외교학,,,,,,,,,신문방송학,아동·가족,기계전자공학,,영어영문,,,,,,인문,국어국문,,,,,,,언론홍보영상학,,,정치외교학,,,,,,,,,,생명공학/경영학,,,,응용통계학,,,,,,,,,,영어영문/심리학,,,,,,,,,,,,,경영학,,신문방송학,,영어영문,,,,영어영문,,,중문,기계공학,,,,,,,,,,,,,,,,영어영문,UIC PSIR,영어영문,,,,,,심리학/경영학,,불어불문,,,영어영문,,컴퓨터과학,,,,,,,,,,,,,,,,,,,,전기전자공학,작곡,,심리학,,교육학,인문,,,,,,문화디자인경영학,수학,문헌정보학,사회학,작업치료,국제관계학,사학/신문방송학,정치외교학,,응용통계학,영어영문,신문방송학,,,,,정치외교학,,,,,,,전기전자공학,,화공생명공학,,경제학,,,,,,
,,,,,,정치외교학,,,,,,,,,신문방송학,언론홍보영상학,노어노문,,영어영문,,,,,,임상병리학,국어국문,,,,,,,영어영문,,,정치외교학,,,,,,,,,,생활디자인,,,,응용통계학,,,,,,,,,,일반대학원,,,,,,,,,,,,,경영학,,신문방송학,,의류환경학,,,,응용통계학,,,중어중문,UIC ASD,,,,,,,,,,,,,,,,영어영문,영문,영어영문,,,,,,심리학/경영학,,불어불문,,,영어영문,,행정/경제학,,,,,,,,,,,,,,,,,,,,정보산업공학,정보산업공학,,심리학,,교육학,정보인터렉션디자인,,,,,,문화인류학,스포츠레저학,문헌정보학,"사회학,경영학",작업치료학,국제관계학,사회복지/신문방송,정치외교학,,응용통계학,영어영문,신문방송학,,,,,정치외교학,,,,,,,정보산업공학,,,,경제학,,,,,,
,,,,,,정치외교학,,,,,,,,,심리학,영어영문,노어노문,,영어영문,,,,,,정보산업공학,도시공학,,,,,,,응용통계학,,,정치외교학,,,,,,,,,,생활디자인학,,,,전기전자공학,,,,,,,,,,일반대학원,,,,,,,,,,,,,경제학,,신문방송학,,인문,,,,응용통계학,,,중어중문,UIC ASD,,,,,,,,,,,,,,,,영어영문,영어영문/중어중문,"영어영문,경영학",,,,,,심리학/경영학,,상경계열,,,영어영문,,화학,,,,,,,,,,,,,,,,,,,,정보통계학,정치외교학/경제학,,심리학,,교육학,정치외교학,,,,,,물리학,시스템생물학,문헌정보학/경제학,식품영양,전기전자공학,기계공학,사회복지학,정치외교학,,의류환경학,영어영문,신문방송학,,,,,철학,,,,,,,정치외교학,,,,경제학,,,,,,
,,,,,,산업공학,,,,,,,,,심리학,영어영문,독어독문,,영어영문,,,,,,정치외교학,문헌정보학,,,,,,,의류환경,,,정치외교학,,,,,,,,,,식품영양학,,,,전기전자공학,,,,,,,,,,일반대학원법학,,,,,,,,,,,,,경제학,,신문방송학,,인문,,,,응용통계학,,,중어중문,문헌정보학,,,,,,,,,,,,,,,,영어영문,영어영문,응용통계학,,,,,,심리학,,상경계열,,,영어영문,,,,,,,,,,,,,,,,,,,,,,정치외교학/경영학,정치외교학,,심리학,,국어국문,정치외교학,,,,,,불문/경제,식품영양,문화인류학,식품영양학/화공생명공학,정치외교학,기계공학,사회복지학/사회학,천문우주학,,인문,유럽어문,심리학,,,,,철학,,,,,,,정치외교학,,,,교육학,,,,,,
,,,,,,토목환경공학,,,,,,,,,아동가족,영어영문,문헌정보학,,영어영문,,,,,,정치외교학,사회학,,,,,,,의류환경학,,,정치외교학,,,,,,,,,,신문방송학,,,,전기전자공학,,,,,,,,,,정치외교학,,,,,,,,,,,,,경제학,,신문방송학,,정치외교학,,,,응용통계학,,,컴퓨터산공공학,문화디자인경영학,,,,,,,,,,,,,,,,영어영문,"영어영문,경영학",전기전자공학,,,,,,언어병리학,,신문방송학,,,영어영문,,,,,,,,,,,,,,,,,,,,,,정치외교학,정치외교학,,아동가족/사회,,국어국문,정치외교학,,,,,,불어불문,식품영양/생물,물리학,신문방송학,정치외교학,기계공학,사회복지학/심리학,천문우주학,,인문,응용통계학,심리학,,,,,행정학,,,,,,,정치외교학,,,,"교육학,불어불문",,,,,,
,,,,,,화학공학,,,,,,,,,언론홍보영상학,영어영문,"불어불문,정치외교학",,영어영문,,,,,,정치외교학,사회학,,,,,,,의류환경학,,,정치외교학,,,,,,,,,,신문방송학,,,,정치외교학,,,,,,,,,,정치외교학,,,,,,,,,,,,,경제학,,신문방송학,,정치외교학,,,,정보산업공학,,,산업공학,사회환경건축공학,,,,,,,,,,,,,,,,영어영문,응용통계학,전기전자공학,,,,,,역사문화학,,영어영문/경영학,,,영어영문/경제학,,,,,,,,,,,,,,,,,,,,,,정치외교학,정치외교학,,아동가족학,,국제대학원국제통상,정치외교학,,,,,,불어불문,식품영양학,법,신문방송학,중어중문,기계공학,사회학,천문우주학,,전기전자공학,의류환경,심리학,,,,,행정학,,,,,,,중어중문,,,,국어국문,,,,,,
,,,,,,,,,,,,,,,영어영문,영어영문,사학,,영어영문,,,,,,정치외교학,상경계열,,,,,,,정치외교학,,,정치외교학,,,,,,,,,,신문방송학,,,,정치외교학,,,,,,,,,,정치외교학,,,,,,,,,,,,,경제학,,신문방송학,,정치외교학,,,,정치외교학,,,테크노아트학(TAD),생명공학,,,,,,,,,,,,,,,,영어영문,응용통계학,전기전자공학,,,,,,영문/경제학,,영어영문/경영학,,,영어영문,,,,,,,,,,,,,,,,,,,,,,정치외교학,정치외교학,,언론홍보영상학,,국제대학원국제통상,중어중문,,,,,,사학,식품영양학,법학,신문방송학,토목환경공학,노어노문,사회학,철학,,전기전자공학,인문,심리학,,,,,행정학,,,,,,,중어중문,,,,국어국문/언론홍보영상학,,,,,,
,,,,,,,,,,,,,,,영어영문,영어영문,사회학,,영어영문,,,,,,정치외교학,상경계열,,,,,,,정치외교학,,,정치외교학,,,,,,,,,,신문방송학,,,,정치외교학,,,,,,,,,,중어중문,,,,,,,,,,,,,경제학,,신문방송학,,정치외교학/신문방송학,,,,정치외교학/경제학,,,토목공학,생명공학,,,,,,,,,,,,,,,,영어영문,응용통계학,정보산업공학,,,,,,영어영문,,영어영문,,,영어영문,,,,,,,,,,,,,,,,,,,,,,정치외교학,주거환경학,,영어영문,,국제학대학원국제협력,행정학,,,,,,사학,식품영양학,보건행정학,신문방송학,행정학,도시공학,사회학,컴퓨터과학,,"정치외교학,경제학",인문,심리학,,,,,행정학,,,,,,,컴퓨터과학,,,,국어국문/심리학,,,,,,
,,,,,,,,,,,,,,,영어영문,영어영문,사회학,,응용통계학,,,,,,정치외교학/언론홍보영상학,상경계열,,,,,,,행정학,,,정치외교학,,,,,,,,,,신문방송학,,,,정치외교학,,,,,,,,,,패키징학,,,,,,,,,,,,,경제학,,신문방송학,,철학,,,,정치외교학,,,토목환경공학,세라믹공학,,,,,,,,,,,,,,,,영어영문,응용통계학,정치외교학,,,,,,영어영문,,영어영문,,,영어영문,,,,,,,,,,,,,,,,,,,,,,주거환경,중어중문,,영어영문,,국제학대학원국제협력,화학공학,,,,,,사회복지학/정치외교학,신문방송학&amp;정치외교학,불어불문,신문방송학/경영학,행정학,도시공학/경제,사회학,컴퓨터과학,,정치외교학,전기전자공학,심리학,,,,,화학,,,,,,,행정학,,,,노어노문/신문방송,,,,,,
,,,,,,,,,,,,,,,영어영문,영어영문,상경계열,,응용통계학,,,,,,중어중문,신문방송학,,,,,,,행정학,,,행정학,,,,,,,,,,신소재공학,,,,주거환경,,,,,,,,,,행정학,,,,,,,,,,,,,경제학,,신학/정치외교학,,,,,,정치외교학,,,화공생명공학,식품영양학,,,,,,,,,,,,,,,,응용통계학,의류환경학,정치외교학,,,,,,영어영문,,의류환경,,,전기전자공학,,,,,,,,,,,,,,,,,,,,,,주거환경학,중어중문,,영어영문,,대기학,,,,,,,사회복지학,신문방송학,사학,신소재공학,환경공학,도시공학,사회학,컴퓨터과학,,정치외교학,정치외교학,심리학/경영학,,,,,,,,,,,,화공생명공학,,,,도시공학,,,,,,
,,,,,,,,,,,,,,,영어영문,영어영문,상경계열,,응용통계학,,,,,,철학,신문방송학,,,,,,,,,,,,,,,,,,,,UIC ,,,,중어중문,,,,,,,,,,화공생명공학,,,,,,,,,,,,,경제학,,심리학,,,,,,정치외교학,,,화공생명공학,심리학,,,,,,,,,,,,,,,,의류환경학,의류환경학,중어중문,,,,,,의공학,,의류환경학,,,전기전자공학,,,,,,,,,,,,,,,,,,,,,,주거환경학,중어중문,,영어영문,,도시공학,,,,,,,사회학,신문방송학,사학,신소재공학,,도시공학,생화학,산업공학,,정치외교학,정치외교학,심리학,,,,,,,,,,,,,,,,독어독문&amp;언론홍보,,,,,,
,,,,,,,,,,,,,,,영어영문,유럽어문,상경계열,,의공학,,,,,,철학,영어영문,,,,,,,,,,,,,,,,,,,,UIC ,,,,테크노아트학CDM,,,,,,,,,,화공생명공학,,,,,,,,,,,,,경제학,,심리학,,,,,,정치외교학,,,화공생명공학,심리학,,,,,,,,,,,,,,,,이과대학화학,의류환경학,중어중문/경영학,,,,,,의류환경학,,정보산업공학,,,정치외교학,,,,,,,,,,,,,,,,,,,,,,주거환경학,체육교육학,,영어영문,,도시공학,,,,,,,사회학,신문방송학,사학,신소재공학,,도시공학,생활디자인학,산업공학,,정치외교학,정치외교학,심리학,,,,,,,,,,,,,,,,독어독문,,,,,,
,,,,,,,,,,,,,,,영어영문,응용통계학,생명학,,의류환경학,,,,,,행정학,영어영문,,,,,,,,,,,,,,,,,,,,영문,,,,,,,,,,,,,,,,,,,,,,,,,,,경제학,,심리학,,,,,,철학,,,화공생명공학,심리학,,,,,,,,,,,,,,,,인문,정치외교학,"중어중문,생활디자인학",,,,,,의류환경학,,창의기술경영학,,,행정/경영학,,,,,,,,,,,,,,,,,,,,,,중어중문,토목환경공학,,영어영문,,문헌정보학/컴퓨터과학,,,,,,,생명학공학,신문방송학,사회학,신학,,도시공학,생활디자인학,행정학,,행정학,정치외교학,심리학,,,,,,,,,,,,,,,,심리학,,,,,,
,,,,,,,,,,,,,,,영어영문,의공학,생명시스템대학생명공학,,의예,,,,,,행정학,응용통계학,,,,,,,,,,,,,,,,,,,,영문,,,,,,,,,,,,,,,,,,,,,,,,,,,경제학,,아동가족학,,,,,,철학,,,화학공학,UIC ASD,,,,,,,,,,,,,,,,인문,정치외교학/법,중어중문/경제학,,,,,,전기전자공학,,철학,,,행정학,,,,,,,,,,,,,,,,,,,,,,철학사회학,행정학,,영어영문,,문헌정보학,,,,,,,생활디자인,신문방송학,사회학,심리학,,도시공학,수학,,,,정치외교학,언론홍보영상학,,,,,,,,,,,,,,,,문헌정보학,,,,,,
,,,,,,,,,,,,,,,의공학,의류환경,생물학,,인문,,,,,,,응용통계학,,,,,,,,,,,,,,,,,,,,영어영문/정치외교학/외교통상학,,,,,,,,,,,,,,,,,,,,,,,,,,,경제학,,영어영문,,,,,,컴퓨터과학,,,화학,UIC ASD,,,,,,,,,,,,,,,,정치외교학,정치외교학,토목환경공학,,,,,,전기전자공학,,화공생명공학,,,행정학,,,,,,,,,,,,,,,,,,,,,,산업공학,화학,,영어영문,,문헌정보학/경제학,,,,,,,생활디자인학,심리학,사회학,심리학,,독어독문,수학,,,,정치외교학,언론홍보영상학,,,,,,,,,,,,,,,,문화인류학,,,,,,
,,,,,,,,,,,,,,,인문,의류환경학,생물학,,전기전자공학,,,,,,,응용통계학,,,,,,,,,,,,,,,,,,,,영어영문,,,,,,,,,,,,,,,,,,,,,,,,,,,경제학,,영어영문,,,,,,토목환경공학,,,,언더우드국제학경제학,,,,,,,,,,,,,,,,정치외교학,정치외교학,행정학,,,,,,정보산업공학,,,,,행정학,,,,,,,,,,,,,,,,,,,,,,행정학,화학,,영어영문,,문헌정보학/경제학,,,,,,,생활디자인학,심리학,사회학,심리학,,UIC ASD,수학,,,,중어중문,언론홍보영상학,,,,,,,,,,,,,,,,법학,,,,,,
,,,,,,,,,,,,,,,정치외교학,인문,생물학,,전기전자공학,,,,,,,정치외교학,,,,,,,,,,,,,,,,,,,,영어영문,,,,,,,,,,,,,,,,,,,,,,,,,,,경제학,,영어영문,,,,,,행정학,,,,UIC ,,,,,,,,,,,,,,,,정치외교학,정치외교학,화공생명공학,,,,,,정치외교학,,,,,행정학,,,,,,,,,,,,,,,,,,,,,,행정학,,,영어영문/정치외교학,,문화디자인경영학,,,,,,,수학,심리학,사회학,아동가족학/심리학,,UIC ASD,수학,,,,중어중문,영어영문/경영학,,,,,,,,,,,,,,,,불어불문,,,,,,
,,,,,,,,,,,,,,,정치외교학,인문,생화학,,전기전자공학,,,,,,,정치외교학,,,,,,,,,,,,,,,,,,,,영어영문,,,,,,,,,,,,,,,,,,,,,,,,,,,경제학,,영어영문,,,,,,화학공학,,,,UD Economics,,,,,,,,,,,,,,,,정치외교학,정치외교학,화학,,,,,,정치외교학,,,,,행정학/경제학,,,,,,,,,,,,,,,,,,,,,,행정학,,,응용통계/경제,,사학,,,,,,,스포츠레저학/행정학,아동가족학,사회학,언더우드국제학(국제학),,UIC ASD,수학,,,,철학,영어영문,,,,,,,,,,,,,,,,불어불문,,,,,,
,,,,,,,,,,,,,,,행정,인문,생화학,,정치외교학,,,,,,,철학,,,,,,,,,,,,,,,,,,,,영어영문,,,,,,,,,,,,,,,,,,,,,,,,,,,경제학,,영어영문,,,,,,,,,,UIC 생명학공학,,,,,,,,,,,,,,,,산업공학,정치외교학,,,,,,,정치외교학,,,,,화학,,,,,,,,,,,,,,,,,,,,,,화학공학,,,응용통계학,,사학,,,,,,,시스템생물학/심리학,아동가족학/심리학,사회학,UIC 국제학,,물리학,신문방송학,,,,철학,영어영문,,,,,,,,,,,,,,,,사학,,,,,,
,,,,,,,,,,,,,,,행정학,인문,생활디자인,,정치외교학,,,,,,,철학,,,,,,,,,,,,,,,,,,,,응용통계학,,,,,,,,,,,,,,,,,,,,,,,,,,,교육,,영어영문,,,,,,,,,,UD Economics,,,,,,,,,,,,,,,,행정학,정치외교학,,,,,,,정치외교학,,,,,,,,,,,,,,,,,,,,,,,,,,,,,,응용통계학,,사회복지학,,,,,,,시스템생물학,UD Economics,생명공학,UD IS,,사회학대학정치외교학,신문방송학,,,,체육교육학,영어영문,,,,,,,,,,,,,,,,사회복지학,,,,,,
,,,,,,,,,,,,,,,화공생명공학,인문,수학,,정치외교학,,,,,,,산업공학,,,,,,,,,,,,,,,,,,,,응용통계학,,,,,,,,,,,,,,,,,,,,,,,,,,,교육학,,영어영문,,,,,,,,,,UD IS,,,,,,,,,,,,,,,,화공생명공학,정치외교학,,,,,,,정치외교학,,,,,,,,,,,,,,,,,,,,,,,,,,,,,,응용통계학,,사회복지학,,,,,,,식품영양학,UIC 나노학공학,생화학,언론홍보영상학,,산업공학,신문방송학,,,,행정학,영어영문,,,,,,,,,,,,,,,,사회학,,,,,,
,,,,,,,,,,,,,,,화학,인문,식품영양,,정치외교학,,,,,,,,,,,,,,,,,,,,,,,,,,,응용통계학,,,,,,,,,,,,,,,,,,,,,,,,,,,법학,,영어영문,,,,,,,,,,영어영문,,,,,,,,,,,,,,,,,정치외교학,,,,,,,철학,,,,,,,,,,,,,,,,,,,,,,,,,,,,,,"응통,사복",,사회학,,,,,,,신문방송/문화인류,영문,생활디자인,언론홍보영상학,,생명공학,신문방송학,,,,행정학,영어영문,,,,,,,,,,,,,,,,상경계열,,,,,,
,,,,,,,,,,,,,,,화학,인문,신문방송학,,중어중문,,,,,,,,,,,,,,,,,,,,,,,,,,,의공학,,,,,,,,,,,,,,,,,,,,,,,,,,,상경계열,,영어영문,,,,,,,,,,영어영문,,,,,,,,,,,,,,,,,정치외교학,,,,,,,체육교육학,,,,,,,,,,,,,,,,,,,,,,,,,,,,,,의류환경학,,사회학,,,,,,,신문방송학/정치외교학,영어영문,생활디자인학,언론홍보영상학,,생명공학,신문방송학,,,,,영어영문,,,,,,,,,,,,,,,,상경대학경제학,,,,,,
,,,,,,,,,,,,,,,,전기전자공학,신학/영어영문,,중어중문,,,,,,,,,,,,,,,,,,,,,,,,,,,정보산업공학,,,,,,,,,,,,,,,,,,,,,,,,,,,상경계열,,영어영문,,,,,,,,,,응용통계학,,,,,,,,,,,,,,,,,정치외교학,,,,,,,체육교육학,,,,,,,,,,,,,,,,,,,,,,,,,,,,,,전기전자,,사회학,,,,,,,신문방송학,영어영문/경영학,수학,언론홍보영상학,,생명공학,신문방송학,,,,,영어영문,,,,,,,,,,,,,,,,생명공학,,,,,,
,,,,,,,,,,,,,,,,전기전자공학,심리학,,중어중문,,,,,,,,,,,,,,,,,,,,,,,,,,,정치외교학,,,,,,,,,,,,,,,,,,,,,,,,,,,상경계열,,영어영문,,,,,,,,,,응용통계학,,,,,,,,,,,,,,,,,정치외교학,,,,,,,체육교육학,,,,,,,,,,,,,,,,,,,,,,,,,,,,,,전기전자공학,,생명공학,,,,,,,신문방송학,"영어영문,경영학",수학,영어영문,,생명공학,신문방송학,,,,,영어영문,,,,,,,,,,,,,,,,생명공학,,,,,,
,,,,,,,,,,,,,,,,전기전자공학,심리학,,컴퓨터공학,,,,,,,,,,,,,,,,,,,,,,,,,,,정치외교학,,,,,,,,,,,,,,,,,,,,,,,,,,,상경계열,,유럽어문,,,,,,,,,,응용통계학,,,,,,,,,,,,,,,,,정치외교학,,,,,,,산업공학,,,,,,,,,,,,,,,,,,,,,,,,,,,,,,전기전자공학,,생화학,,,,,,,신문방송학,영어영문/신문방송학,스포츠응용산업/경영학,영어영문/신문방송,,생명공학,신문방송학,,,,,영어영문,,,,,,,,,,,,,,,,생물학,,,,,,
,,,,,,,,,,,,,,,,전기전자공학,심리학,,행정학,,,,,,,,,,,,,,,,,,,,,,,,,,,정치외교학,,,,,,,,,,,,,,,,,,,,,,,,,,,상경계열,,유럽어문,,,,,,,,,,이대학,,,,,,,,,,,,,,,,,정치외교학,,,,,,,산업공학,,,,,,,,,,,,,,,,,,,,,,,,,,,,,,전기전자공학,,스포츠레저학/경영학,,,,,,,신문방송학,영어영문,신문방송학,영어영문/심리학,,생명공학,"신문방송학,경영학",,,,,영어영문,,,,,,,,,,,,,,,,생화학,,,,,,
,,,,,,,,,,,,,,,,전기전자공학,심리학,,행정학,,,,,,,,,,,,,,,,,,,,,,,,,,,중어중문,,,,,,,,,,,,,,,,,,,,,,,,,,,상경계열,,유럽어문,,,,,,,,,,정보산업공학,,,,,,,,,,,,,,,,,정치외교학,,,,,,,산업공학,,,,,,,,,,,,,,,,,,,,,,,,,,,,,,정치외교학,,신문방송학,,,,,,,신문방송학,영어영문,신소재공학,영어영문/경영학,,생물학,신문방송학/생활디자인학,,,,,영어영문,,,,,,,,,,,,,,,,수학,,,,,,
,,,,,,,,,,,,,,,,전기전자공학,심리학,,,,,,,,,,,,,,,,,,,,,,,,,,,,,천문우주학,,,,,,,,,,,,,,,,,,,,,,,,,,,상경계열경영학,,응용통계학,,,,,,,,,,정보산업공학,,,,,,,,,,,,,,,,,정치외교학,,,,,,,행정학,,,,,,,,,,,,,,,,,,,,,,,,,,,,,,정치외교학,,신문방송학,,,,,,,신소재공학,영어영문,신소재공학,영어영문,,생화학,신문방송학/응용통계학,,,,,영어영문,,,,,,,,,,,,,,,,수학/응용통계학,,,,,,
,,,,,,,,,,,,,,,,정치외교학,아동·가족,,,,,,,,,,,,,,,,,,,,,,,,,,,,,철학,,,,,,,,,,,,,,,,,,,,,,,,,,,시스템생물학,,응용통계학,,,,,,,,,,정치외교학,,,,,,,,,,,,,,,,,정치외교학,,,,,,,행정학,,,,,,,,,,,,,,,,,,,,,,,,,,,,,,정치외교학,,신문방송학,,,,,,,실내건축/건축공학,영어영문,신소재공학,영어영문,,생화학,신문방송학/컴퓨터과학,,,,,영어영문,,,,,,,,,,,,,,,,신문방송/심리학,,,,,,
,,,,,,,,,,,,,,,,정치외교학,아동가족학,,,,,,,,,,,,,,,,,,,,,,,,,,,,,철학,,,,,,,,,,,,,,,,,,,,,,,,,,,신문방송학,,인문,,,,,,,,,,정치외교학,,,,,,,,,,,,,,,,,정치외교학,,,,,,,행정학,,,,,,,,,,,,,,,,,,,,,,,,,,,,,,중어중문/경영학,,신문방송학,,,,,,,실내건축학,영어영문,심리학,영어영문,,생화학,신소재공학,,,,,영어영문,,,,,,,,,,,,,,,,신문방송학,,,,,,
,,,,,,,,,,,,,,,,정치외교학,UIC ASD,,,,,,,,,,,,,,,,,,,,,,,,,,,,,컴퓨터과학,,,,,,,,,,,,,,,,,,,,,,,,,,,실내건축학,,인문,,,,,,,,,,중어중문,,,,,,,,,,,,,,,,,정치외교학,,,,,,,화공생명공학,,,,,,,,,,,,,,,,,,,,,,,,,,,,,,중어중문,,신문방송학,,,,,,,실내건축학,영어영문/경영학,심리학,영어영문,,생활디자인,실내건축학,,,,,영어영문,,,,,,,,,,,,,,,,신문방송학,,,,,,
,,,,,,,,,,,,,,,,주거환경학,UIC ASD,,,,,,,,,,,,,,,,,,,,,,,,,,,,,컴퓨터과학,,,,,,,,,,,,,,,,,,,,,,,,,,,심리학,,전기전자,,,,,,,,,,테크노아트학,,,,,,,,,,,,,,,,,정치외교학,,,,,,,,,,,,,,,,,,,,,,,,,,,,,,,,,,,,,철학,,신문방송학/경영학,,,,,,,심리학,유럽어문,아동가족학/영문,영어영문,,생활디자인,심리학,,,,,응용통계학,,,,,,,,,,,,,,,,신문방송학,,,,,,
,,,,,,,,,,,,,,,,철학,UIC 계량위험관리,,,,,,,,,,,,,,,,,,,,,,,,,,,,,행정학,,,,,,,,,,,,,,,,,,,,,,,,,,,영어영문,,정보산업공학,,,,,,,,,,행정학,,,,,,,,,,,,,,,,,정치외교학,,,,,,,,,,,,,,,,,,,,,,,,,,,,,,,,,,,,,체육교육학,,신문방송학/경영학,,,,,,,심리학,응용통계학,언더우드,영어영문,,생활디자인학,심리학,,,,,응용통계학/경영학,,,,,,,,,,,,,,,,심리,,,,,,
,,,,,,,,,,,,,,,,행정학,UIC ASD,,,,,,,,,,,,,,,,,,,,,,,,,,,,,행정학,,,,,,,,,,,,,,,,,,,,,,,,,,,영어영문,,정보산업공학,,,,,,,,,,행정학,,,,,,,,,,,,,,,,,정치외교학,,,,,,,,,,,,,,,,,,,,,,,,,,,,,,,,,,,,,화공생명공학,,신소재공학,,,,,,,심리학,응용통계학,UIC ASD,영어영문,,수학,심리학,,,,,응용통계학/경제학,,,,,,,,,,,,,,,,심리/경영학,,,,,,
,,,,,,,,,,,,,,,,화학공학,UIC ASD,,,,,,,,,,,,,,,,,,,,,,,,,,,,,행정학,,,,,,,,,,,,,,,,,,,,,,,,,,,영어영문,,정보산업공학,,,,,,,,,,,,,,,,,,,,,,,,,,,정치외교학,,,,,,,,,,,,,,,,,,,,,,,,,,,,,,,,,,,,,,,신소재공학,,,,,,,언더우드국제학,응용통계학,언론홍보영상,영어영문,,스포츠레저학/경영학,심리학,,,,,인문,,,,,,,,,,,,,,,,심리/신방,,,,,,
,,,,,,,,,,,,,,,,,UIC PSIR,,,,,,,,,,,,,,,,,,,,,,,,,,,,,화학,,,,,,,,,,,,,,,,,,,,,,,,,,,영어영문,,정치외교학,,,,,,,,,,,,,,,,,,,,,,,,,,,정치외교학,,,,,,,,,,,,,,,,,,,,,,,,,,,,,,,,,,,,,,,심리학,,,,,,,UIC 국제학,응용통계학,영문,영어영문,,신문방송학/디지털예술학,심리학,,,,,인문,,,,,,,,,,,,,,,,심리/언홍영,,,,,,
,,,,,,,,,,,,,,,,,UIC 계량위험관리,,,,,,,,,,,,,,,,,,,,,,,,,,,,,,,,,,,,,,,,,,,,,,,,,,,,,,,,영어영문,,정치외교학,,,,,,,,,,,,,,,,,,,,,,,,,,,정치외교학/사학,,,,,,,,,,,,,,,,,,,,,,,,,,,,,,,,,,,,,,,심리학,,,,,,,UIC 국제학,응용통계학,영어영문,영어영문,,신문방송학,심리학,,,,,자연과학,,,,,,,,,,,,,,,,심리학,,,,,,
,,,,,,,,,,,,,,,,,UD Economics,,,,,,,,,,,,,,,,,,,,,,,,,,,,,,,,,,,,,,,,,,,,,,,,,,,,,,,,영어영문,,정치외교학,,,,,,,,,,,,,,,,,,,,,,,,,,,주거환경학,,,,,,,,,,,,,,,,,,,,,,,,,,,,,,,,,,,,,,,심리학,,,,,,,UIC ,응용통계학,영어영문,영어영문/사회학,,신문방송학,심리학,,,,,전기전자공학,,,,,,,,,,,,,,,,심리학,,,,,,
,,,,,,,,,,,,,,,,,언론홍보영상학,,,,,,,,,,,,,,,,,,,,,,,,,,,,,,,,,,,,,,,,,,,,,,,,,,,,,,,,영어영문,,정치외교학,,,,,,,,,,,,,,,,,,,,,,,,,,,주거환경학,,,,,,,,,,,,,,,,,,,,,,,,,,,,,,,,,,,,,,,심리학,,,,,,,UIC ,의류환경,영어영문,영어영문/언론홍보영상학,,신문방송학,"아동가족,의류환경",,,,,전기전자공학,,,,,,,,,,,,,,,,심리학,,,,,,
,,,,,,,,,,,,,,,,,언론홍보영상학,,,,,,,,,,,,,,,,,,,,,,,,,,,,,,,,,,,,,,,,,,,,,,,,,,,,,,,,정보산업공학,,정치외교학,,,,,,,,,,,,,,,,,,,,,,,,,,,주거환경학,,,,,,,,,,,,,,,,,,,,,,,,,,,,,,,,,,,,,,,심리학,,,,,,,UD Economics,의류환경/경제학,영어영문,영여영문,,신문방송학,아동가족학,,,,,전기전자공학,,,,,,,,,,,,,,,,아동가족학,,,,,,
,,,,,,,,,,,,,,,,,영문/언론홍보영상학,,,,,,,,,,,,,,,,,,,,,,,,,,,,,,,,,,,,,,,,,,,,,,,,,,,,,,,,정치외교학,,정치외교학,,,,,,,,,,,,,,,,,,,,,,,,,,,중어중문/정치외교학,,,,,,,,,,,,,,,,,,,,,,,,,,,,,,,,,,,,,,,UIC ,,,,,,,"언론홍보,문헌정보",의류환경,영여영문,응용통계/경제학,,실내건축학,"아동가족학,심리학",,,,,정보산업공학,,,,,,,,,,,,,,,,영어영문/경영학,,,,,,
,,,,,,,,,,,,,,,,,영어영문,,,,,,,,,,,,,,,,,,,,,,,,,,,,,,,,,,,,,,,,,,,,,,,,,,,,,,,,정치외교학,,정치외교학,,,,,,,,,,,,,,,,,,,,,,,,,,,중어중문,,,,,,,,,,,,,,,,,,,,,,,,,,,,,,,,,,,,,,,UIC ,,,,,,,언론홍보영상(신문방송),의류환경,의공학,"응용통계학,경영학",,실내건축학,"아동가족학,정치외교학",,,,,정치외교학/사학,,,,,,,,,,,,,,,,영어영문/경영학,,,,,,
,,,,,,,,,,,,,,,,,영어영문,,,,,,,,,,,,,,,,,,,,,,,,,,,,,,,,,,,,,,,,,,,,,,,,,,,,,,,,정치외교학,,정치외교학,,,,,,,,,,,,,,,,,,,,,,,,,,,컴퓨터과학,,,,,,,,,,,,,,,,,,,,,,,,,,,,,,,,,,,,,,,UIC ,,,,,,,언론홍보영상학,의류환경,의공학,응용통계학,,실내건축학,아동가족학/심리학,,,,,정치외교학,,,,,,,,,,,,,,,,영어영문,,,,,,
,,,,,,,,,,,,,,,,,영어영문,,,,,,,,,,,,,,,,,,,,,,,,,,,,,,,,,,,,,,,,,,,,,,,,,,,,,,,,정치외교학,,주거환경학,,,,,,,,,,,,,,,,,,,,,,,,,,,행정학/법학,,,,,,,,,,,,,,,,,,,,,,,,,,,,,,,,,,,,,,,영문,,,,,,,언론홍보영상학,의류환경,의공학,응용통계학,,심리학,언론홍보영상학,,,,,정치외교학,,,,,,,,,,,,,,,,영어영문/정치외교학,,,,,,
,,,,,,,,,,,,,,,,,영어영문,,,,,,,,,,,,,,,,,,,,,,,,,,,,,,,,,,,,,,,,,,,,,,,,,,,,,,,,주거환경학,,중어중문,,,,,,,,,,,,,,,,,,,,,,,,,,,행정학,,,,,,,,,,,,,,,,,,,,,,,,,,,,,,,,,,,,,,,영어영문,,,,,,,영어영문,의류환경학,의공학,의예,,심리학인지학,언론홍보영상학,,,,,정치외교학,,,,,,,,,,,,,,,,영어영문/정치외교학,,,,,,
,,,,,,,,,,,,,,,,,영어영문,,,,,,,,,,,,,,,,,,,,,,,,,,,,,,,,,,,,,,,,,,,,,,,,,,,,,,,,주거환경학,,철학,,,,,,,,,,,,,,,,,,,,,,,,,,,행정학,,,,,,,,,,,,,,,,,,,,,,,,,,,,,,,,,,,,,,,영어영문,,,,,,,영어영문,의류환경학,전기전자공학,작곡/언론홍보영상학,,심리학,영어영문/경제학,,,,,정치외교학/신문방송학,,,,,,,,,,,,,,,,영어영문,,,,,,
,,,,,,,,,,,,,,,,,영어영문,,,,,,,,,,,,,,,,,,,,,,,,,,,,,,,,,,,,,,,,,,,,,,,,,,,,,,,,중어중문,,행정학,,,,,,,,,,,,,,,,,,,,,,,,,,,,,,,,,,,,,,,,,,,,,,,,,,,,,,,,,,,,,,,,,,영어영문,,,,,,,영어영문,의류환경학,전기전자공학,전기전자,,심리학,영어영문/언론홍보영상학,,,,,중어중문,,,,,,,,,,,,,,,,영어영문,,,,,,
,,,,,,,,,,,,,,,,,영어영문,,,,,,,,,,,,,,,,,,,,,,,,,,,,,,,,,,,,,,,,,,,,,,,,,,,,,,,,행정학,,행정학,,,,,,,,,,,,,,,,,,,,,,,,,,,,,,,,,,,,,,,,,,,,,,,,,,,,,,,,,,,,,,,,,,영어영문,,,,,,,영어영문,의류환경학,전기전자공학,전기전자공학,,심리학,영어영문,,,,,중어중문,,,,,,,,,,,,,,,,영어영문,,,,,,
,,,,,,,,,,,,,,,,,영어영문,,,,,,,,,,,,,,,,,,,,,,,,,,,,,,,,,,,,,,,,,,,,,,,,,,,,,,,,행정학,,화학공학,,,,,,,,,,,,,,,,,,,,,,,,,,,,,,,,,,,,,,,,,,,,,,,,,,,,,,,,,,,,,,,,,,영어영문,,,,,,,영어영문,의류환경학,전기전자공학,전기전자공학,,심리학,영어영문,,,,,천문우주학,,,,,,,,,,,,,,,,영어영문,,,,,,
,,,,,,,,,,,,,,,,,영어영문,,,,,,,,,,,,,,,,,,,,,,,,,,,,,,,,,,,,,,,,,,,,,,,,,,,,,,,,화학공학,,,,,,,,,,,,,,,,,,,,,,,,,,,,,,,,,,,,,,,,,,,,,,,,,,,,,,,,,,,,,,,,,,,,영어영문,,,,,,,영어영문,의류환경학,전기전자공학,전기전자공학,,심리학,영어영문,,,,,천문우주학,,,,,,,,,,,,,,,,영어영문,,,,,,
,,,,,,,,,,,,,,,,,영어영문,,,,,,,,,,,,,,,,,,,,,,,,,,,,,,,,,,,,,,,,,,,,,,,,,,,,,,,,,,,,,,,,,,,,,,,,,,,,,,,,,,,,,,,,,,,,,,,,,,,,,,,,,,,,,,,,,,,,,,,,,,,,영어영문,,,,,,,영어영문,의류환경학/경영학,전기전자공학,전기전자공학,,심리학,영어영문,,,,,철학,,,,,,,,,,,,,,,,영어영문,,,,,,
,,,,,,,,,,,,,,,,,영어영문,,,,,,,,,,,,,,,,,,,,,,,,,,,,,,,,,,,,,,,,,,,,,,,,,,,,,,,,,,,,,,,,,,,,,,,,,,,,,,,,,,,,,,,,,,,,,,,,,,,,,,,,,,,,,,,,,,,,,,,,,,,,영어영문,,,,,,,영어영문,의류환경학/경영학,전기전자공학,정보산업공학,,심리학,영어영문,,,,,철학,,,,,,,,,,,,,,,,영어영문,,,,,,
,,,,,,,,,,,,,,,,,영어영문,,,,,,,,,,,,,,,,,,,,,,,,,,,,,,,,,,,,,,,,,,,,,,,,,,,,,,,,,,,,,,,,,,,,,,,,,,,,,,,,,,,,,,,,,,,,,,,,,,,,,,,,,,,,,,,,,,,,,,,,,,,,영어영문,,,,,,,영어영문,의류환경학/경영학,전기전자공학,정치외교학/경제,,심리학,영어영문,,,,,컴퓨터과학,,,,,,,,,,,,,,,,영어영문,,,,,,
,,,,,,,,,,,,,,,,,영어영문,,,,,,,,,,,,,,,,,,,,,,,,,,,,,,,,,,,,,,,,,,,,,,,,,,,,,,,,,,,,,,,,,,,,,,,,,,,,,,,,,,,,,,,,,,,,,,,,,,,,,,,,,,,,,,,,,,,,,,,,,,,,영어영문,,,,,,,영어영문,이과대학생화학,정보산업공학,정치외교학,,아동가족학,"영어영문,응용통계학",,,,,토목환경공학,,,,,,,,,,,,,,,,영어영문,,,,,,
,,,,,,,,,,,,,,,,,영어영문,,,,,,,,,,,,,,,,,,,,,,,,,,,,,,,,,,,,,,,,,,,,,,,,,,,,,,,,,,,,,,,,,,,,,,,,,,,,,,,,,,,,,,,,,,,,,,,,,,,,,,,,,,,,,,,,,,,,,,,,,,,,영어영문,,,,,,,영어영문,인문,정보산업공학,정치외교학,,"아동가족학,심리학",융합학공학,,,,,행정학,,,,,,,,,,,,,,,,영어영문,,,,,,
,,,,,,,,,,,,,,,,,응용통계학,,,,,,,,,,,,,,,,,,,,,,,,,,,,,,,,,,,,,,,,,,,,,,,,,,,,,,,,,,,,,,,,,,,,,,,,,,,,,,,,,,,,,,,,,,,,,,,,,,,,,,,,,,,,,,,,,,,,,,,,,,,,영어영문,,,,,,,영어영문,인문,정치외교학,정치외교학,,언론홍보영상학,응용통계학,,,,,화학공학,,,,,,,,,,,,,,,,영어영문,,,,,,
,,,,,,,,,,,,,,,,,응용통계학,,,,,,,,,,,,,,,,,,,,,,,,,,,,,,,,,,,,,,,,,,,,,,,,,,,,,,,,,,,,,,,,,,,,,,,,,,,,,,,,,,,,,,,,,,,,,,,,,,,,,,,,,,,,,,,,,,,,,,,,,,,,영어영문,,,,,,,영어영문,전기전자공학,정치외교학,정치외교학,,언론홍보영상학,응용통계학,,,,,화학공학,,,,,,,,,,,,,,,,영어영문,,,,,,
,,,,,,,,,,,,,,,,,응용통계학,,,,,,,,,,,,,,,,,,,,,,,,,,,,,,,,,,,,,,,,,,,,,,,,,,,,,,,,,,,,,,,,,,,,,,,,,,,,,,,,,,,,,,,,,,,,,,,,,,,,,,,,,,,,,,,,,,,,,,,,,,,,영어영문,,,,,,,영어영문,전기전자공학,정치외교학,정치외교학,,언론홍보영상학/경영학,응용통계학,,,,,,,,,,,,,,,,,,,,,영어영문,,,,,,
,,,,,,,,,,,,,,,,,응용통계학,,,,,,,,,,,,,,,,,,,,,,,,,,,,,,,,,,,,,,,,,,,,,,,,,,,,,,,,,,,,,,,,,,,,,,,,,,,,,,,,,,,,,,,,,,,,,,,,,,,,,,,,,,,,,,,,,,,,,,,,,,,,영어영문,,,,,,,영어영문,정보산업공학(응용통계이중),정치외교학,정치외교학,,영어영문/경영학,응용통계학,,,,,,,,,,,,,,,,,,,,,영어영문/경영학,,,,,,
,,,,,,,,,,,,,,,,,의류환경/신문방송,,,,,,,,,,,,,,,,,,,,,,,,,,,,,,,,,,,,,,,,,,,,,,,,,,,,,,,,,,,,,,,,,,,,,,,,,,,,,,,,,,,,,,,,,,,,,,,,,,,,,,,,,,,,,,,,,,,,,,,,,,,,영어영문,,,,,,,영어영문/심리학,정치외교학,정치외교학/경제학,정치외교학,,영어영문,전기전자,,,,,,,,,,,,,,,,,,,,,응용통계/경영학,,,,,,
,,,,,,,,,,,,,,,,,의예,,,,,,,,,,,,,,,,,,,,,,,,,,,,,,,,,,,,,,,,,,,,,,,,,,,,,,,,,,,,,,,,,,,,,,,,,,,,,,,,,,,,,,,,,,,,,,,,,,,,,,,,,,,,,,,,,,,,,,,,,,,,영어영문/경제학,,,,,,,영어영문/정치외교학,정치외교학,중어중문,정치외교학,,영어영문,전기전자공학,,,,,,,,,,,,,,,,,,,,,응용통계학,,,,,,
,,,,,,,,,,,,,,,,,전기전자공학,,,,,,,,,,,,,,,,,,,,,,,,,,,,,,,,,,,,,,,,,,,,,,,,,,,,,,,,,,,,,,,,,,,,,,,,,,,,,,,,,,,,,,,,,,,,,,,,,,,,,,,,,,,,,,,,,,,,,,,,,,,,영어영문/심리학,,,,,,,응용통계학,정치외교학,중어중문,중어중문,,영어영문,전기전자공학,,,,,,,,,,,,,,,,,,,,,응용통계학,,,,,,
,,,,,,,,,,,,,,,,,정치외교학,,,,,,,,,,,,,,,,,,,,,,,,,,,,,,,,,,,,,,,,,,,,,,,,,,,,,,,,,,,,,,,,,,,,,,,,,,,,,,,,,,,,,,,,,,,,,,,,,,,,,,,,,,,,,,,,,,,,,,,,,,,,응용통계학,,,,,,,응용통계학,정치외교학,중어중문,중어중문,,영어영문,전기전자공학,,,,,,,,,,,,,,,,,,,,,응용통계학,,,,,,
,,,,,,,,,,,,,,,,,정치외교학,,,,,,,,,,,,,,,,,,,,,,,,,,,,,,,,,,,,,,,,,,,,,,,,,,,,,,,,,,,,,,,,,,,,,,,,,,,,,,,,,,,,,,,,,,,,,,,,,,,,,,,,,,,,,,,,,,,,,,,,,,,,응용통계학,,,,,,,응용통계학,정치외교학,중어중문,중어중문,,원주캠퍼스의공학,전기전자공학,,,,,,,,,,,,,,,,,,,,,응용통계학,,,,,,
,,,,,,,,,,,,,,,,,정치외교학,,,,,,,,,,,,,,,,,,,,,,,,,,,,,,,,,,,,,,,,,,,,,,,,,,,,,,,,,,,,,,,,,,,,,,,,,,,,,,,,,,,,,,,,,,,,,,,,,,,,,,,,,,,,,,,,,,,,,,,,,,,,응용통계학,,,,,,,의류환경학,정치외교학/경제학,철학,토목환경공학,,의공학,정보산업공학,,,,,,,,,,,,,,,,,,,,,전기전자공학/경제학,,,,,,
,,,,,,,,,,,,,,,,,정치외교학,,,,,,,,,,,,,,,,,,,,,,,,,,,,,,,,,,,,,,,,,,,,,,,,,,,,,,,,,,,,,,,,,,,,,,,,,,,,,,,,,,,,,,,,,,,,,,,,,,,,,,,,,,,,,,,,,,,,,,,,,,,,응용통계학,,,,,,,정보산업공학,주거환경,컴퓨터과학,"통계학,사회학",,전기전자공학,정보산업공학,,,,,,,,,,,,,,,,,,,,,전기전자공학,,,,,,
,,,,,,,,,,,,,,,,,정치외교학,,,,,,,,,,,,,,,,,,,,,,,,,,,,,,,,,,,,,,,,,,,,,,,,,,,,,,,,,,,,,,,,,,,,,,,,,,,,,,,,,,,,,,,,,,,,,,,,,,,,,,,,,,,,,,,,,,,,,,,,,,,,응용통계학,,,,,,,정보산업공학,주거환경학,컴퓨터과학,행정학,,전기전자공학,정치외교학,,,,,,,,,,,,,,,,,,,,,전기전자공학,,,,,,
,,,,,,,,,,,,,,,,,정치외교학,,,,,,,,,,,,,,,,,,,,,,,,,,,,,,,,,,,,,,,,,,,,,,,,,,,,,,,,,,,,,,,,,,,,,,,,,,,,,,,,,,,,,,,,,,,,,,,,,,,,,,,,,,,,,,,,,,,,,,,,,,,,의예,,,,,,,정치외교학,주거환경학,컴퓨터과학,행정학,,전기전자공학,정치외교학,,,,,,,,,,,,,,,,,,,,,정보산업공학,,,,,,
,,,,,,,,,,,,,,,,,정치외교학,,,,,,,,,,,,,,,,,,,,,,,,,,,,,,,,,,,,,,,,,,,,,,,,,,,,,,,,,,,,,,,,,,,,,,,,,,,,,,,,,,,,,,,,,,,,,,,,,,,,,,,,,,,,,,,,,,,,,,,,,,,,의용전자공학,,,,,,,정치외교학,주거환경학,컴퓨터과학,행정학,,전기전자공학,정치외교학,,,,,,,,,,,,,,,,,,,,,정보산업공학,,,,,,
,,,,,,,,,,,,,,,,,정치외교학,,,,,,,,,,,,,,,,,,,,,,,,,,,,,,,,,,,,,,,,,,,,,,,,,,,,,,,,,,,,,,,,,,,,,,,,,,,,,,,,,,,,,,,,,,,,,,,,,,,,,,,,,,,,,,,,,,,,,,,,,,,,전기전자공학,,,,,,,정치외교학,중어중문/심리학,컴퓨터과학,행정학,,전기전자공학,정치외교학,,,,,,,,,,,,,,,,,,,,,정치외교학,,,,,,
,,,,,,,,,,,,,,,,,정치외교학,,,,,,,,,,,,,,,,,,,,,,,,,,,,,,,,,,,,,,,,,,,,,,,,,,,,,,,,,,,,,,,,,,,,,,,,,,,,,,,,,,,,,,,,,,,,,,,,,,,,,,,,,,,,,,,,,,,,,,,,,,,,정보산업공학,,,,,,,정치외교학,중어중문/정치외교학,컴퓨터정보통신공학,행정학,,전기전자공학,정치외교학,,,,,,,,,,,,,,,,,,,,,정치외교학,,,,,,
,,,,,,,,,,,,,,,,,정치외교학,,,,,,,,,,,,,,,,,,,,,,,,,,,,,,,,,,,,,,,,,,,,,,,,,,,,,,,,,,,,,,,,,,,,,,,,,,,,,,,,,,,,,,,,,,,,,,,,,,,,,,,,,,,,,,,,,,,,,,,,,,,,정치외교학,,,,,,,정치외교학,중어중문,테크노아트학,행정학,,정보산업공학,중어중문,,,,,,,,,,,,,,,,,,,,,정치외교학,,,,,,
,,,,,,,,,,,,,,,,,정치외교학,,,,,,,,,,,,,,,,,,,,,,,,,,,,,,,,,,,,,,,,,,,,,,,,,,,,,,,,,,,,,,,,,,,,,,,,,,,,,,,,,,,,,,,,,,,,,,,,,,,,,,,,,,,,,,,,,,,,,,,,,,,,정치외교학,,,,,,,정치외교학,중어중문,테크노아트학,행정학,,정보산업공학,중어중문/경제학,,,,,,,,,,,,,,,,,,,,,정치외교학,,,,,,
,,,,,,,,,,,,,,,,,정치외교학,,,,,,,,,,,,,,,,,,,,,,,,,,,,,,,,,,,,,,,,,,,,,,,,,,,,,,,,,,,,,,,,,,,,,,,,,,,,,,,,,,,,,,,,,,,,,,,,,,,,,,,,,,,,,,,,,,,,,,,,,,,,정치외교학,,,,,,,정치외교학,철학,토목공학,행정학,,정치외교학/영어영문,"천문우주학,화학",,,,,,,,,,,,,,,,,,,,,정치외교학,,,,,,
,,,,,,,,,,,,,,,,,중어중문,,,,,,,,,,,,,,,,,,,,,,,,,,,,,,,,,,,,,,,,,,,,,,,,,,,,,,,,,,,,,,,,,,,,,,,,,,,,,,,,,,,,,,,,,,,,,,,,,,,,,,,,,,,,,,,,,,,,,,,,,,,,정치외교학,,,,,,,정치외교학,철학(파견학는Drama),토목환경공학,화공생명공학,,정치외교학,철학,,,,,,,,,,,,,,,,,,,,,정치외교학,,,,,,
,,,,,,,,,,,,,,,,,천문우주학,,,,,,,,,,,,,,,,,,,,,,,,,,,,,,,,,,,,,,,,,,,,,,,,,,,,,,,,,,,,,,,,,,,,,,,,,,,,,,,,,,,,,,,,,,,,,,,,,,,,,,,,,,,,,,,,,,,,,,,,,,,,정치외교학,,,,,,,정치외교학,산업공학,토목환경공학,화공생명공학,,정치외교학,철학,,,,,,,,,,,,,,,,,,,,,정치외교학,,,,,,
,,,,,,,,,,,,,,,,,철학,,,,,,,,,,,,,,,,,,,,,,,,,,,,,,,,,,,,,,,,,,,,,,,,,,,,,,,,,,,,,,,,,,,,,,,,,,,,,,,,,,,,,,,,,,,,,,,,,,,,,,,,,,,,,,,,,,,,,,,,,,,,정치외교학,,,,,,,정치외교학/경제학,컴퓨터과학/경영학,행정학/심리학,화공생명공학,,정치외교학,컴퓨터과학,,,,,,,,,,,,,,,,,,,,,정치외교학,,,,,,
,,,,,,,,,,,,,,,,,컴퓨터과학,,,,,,,,,,,,,,,,,,,,,,,,,,,,,,,,,,,,,,,,,,,,,,,,,,,,,,,,,,,,,,,,,,,,,,,,,,,,,,,,,,,,,,,,,,,,,,,,,,,,,,,,,,,,,,,,,,,,,,,,,,,,정치외교학,,,,,,,중어중문,컴퓨터과학,행정학,화공생명공학,,중어중문,통계학,,,,,,,,,,,,,,,,,,,,,정치외교학,,,,,,
,,,,,,,,,,,,,,,,,컴퓨터과학,,,,,,,,,,,,,,,,,,,,,,,,,,,,,,,,,,,,,,,,,,,,,,,,,,,,,,,,,,,,,,,,,,,,,,,,,,,,,,,,,,,,,,,,,,,,,,,,,,,,,,,,,,,,,,,,,,,,,,,,,,,,정치외교학,,,,,,,중어중문,컴퓨터과학,행정학,화공생명공학,,중어중문,행정/경제,,,,,,,,,,,,,,,,,,,,,정치외교학,,,,,,
,,,,,,,,,,,,,,,,,토목환경공학,,,,,,,,,,,,,,,,,,,,,,,,,,,,,,,,,,,,,,,,,,,,,,,,,,,,,,,,,,,,,,,,,,,,,,,,,,,,,,,,,,,,,,,,,,,,,,,,,,,,,,,,,,,,,,,,,,,,,,,,,,,,정치외교학/행정학,,,,,,,토목환경공학,테크노아트,행정학,화공생명공학,,컴퓨터과학,행정학,,,,,,,,,,,,,,,,,,,,,정치외교학,,,,,,
,,,,,,,,,,,,,,,,,행정학,,,,,,,,,,,,,,,,,,,,,,,,,,,,,,,,,,,,,,,,,,,,,,,,,,,,,,,,,,,,,,,,,,,,,,,,,,,,,,,,,,,,,,,,,,,,,,,,,,,,,,,,,,,,,,,,,,,,,,,,,,,,지속개발협력학,,,,,,,"행정,심리",토목환경공학,행정학,화공생명공학,,행정/경영학/컴퓨터과학,행정학,,,,,,,,,,,,,,,,,,,,,정치외교학,,,,,,
,,,,,,,,,,,,,,,,,화공생명공학,,,,,,,,,,,,,,,,,,,,,,,,,,,,,,,,,,,,,,,,,,,,,,,,,,,,,,,,,,,,,,,,,,,,,,,,,,,,,,,,,,,,,,,,,,,,,,,,,,,,,,,,,,,,,,,,,,,,,,,,,,,,컴퓨터과학,,,,,,,행정학,토목환경공학,화공생명공학,화공생명공학,,행정학/경제학,행정학,,,,,,,,,,,,,,,,,,,,,주거환경/경영학,,,,,,
,,,,,,,,,,,,,,,,,화공생명공학,,,,,,,,,,,,,,,,,,,,,,,,,,,,,,,,,,,,,,,,,,,,,,,,,,,,,,,,,,,,,,,,,,,,,,,,,,,,,,,,,,,,,,,,,,,,,,,,,,,,,,,,,,,,,,,,,,,,,,,,,,,,산업공학,,,,,,,행정학,행정학,화공생명공학,화학공학,,행정학,행정학,,,,,,,,,,,,,,,,,,,,,중어중문/경영학,,,,,,
,,,,,,,,,,,,,,,,,화공생명공학,,,,,,,,,,,,,,,,,,,,,,,,,,,,,,,,,,,,,,,,,,,,,,,,,,,,,,,,,,,,,,,,,,,,,,,,,,,,,,,,,,,,,,,,,,,,,,,,,,,,,,,,,,,,,,,,,,,,,,,,,,,,테크노아트학,,,,,,,행정학,행정학,화공생명공학,화학,,행정학,행정학,,,,,,,,,,,,,,,,,,,,,중어중문,,,,,,
,,,,,,,,,,,,,,,,,화학,,,,,,,,,,,,,,,,,,,,,,,,,,,,,,,,,,,,,,,,,,,,,,,,,,,,,,,,,,,,,,,,,,,,,,,,,,,,,,,,,,,,,,,,,,,,,,,,,,,,,,,,,,,,,,,,,,,,,,,,,,,,테크노아트학,,,,,,,화공생명공학,행정학/경영학(이중),화공생명공학,화학,,행정학/경영학,행정학,,,,,,,,,,,,,,,,,,,,,컴퓨터과학,,,,,,
,,,,,,,,,,,,,,,,,,,,,,,,,,,,,,,,,,,,,,,,,,,,,,,,,,,,,,,,,,,,,,,,,,,,,,,,,,,,,,,,,,,,,,,,,,,,,,,,,,,,,,,,,,,,,,,,,,,,,,,,,,,,,,,,,,,,,,,,,,,,,행정학,,,,,,,화공생명공학,화공생명공학,화학,화학,,행정학/언론홍보영상학,행정학,,,,,,,,,,,,,,,,,,,,,행정/경영학,,,,,,
,,,,,,,,,,,,,,,,,,,,,,,,,,,,,,,,,,,,,,,,,,,,,,,,,,,,,,,,,,,,,,,,,,,,,,,,,,,,,,,,,,,,,,,,,,,,,,,,,,,,,,,,,,,,,,,,,,,,,,,,,,,,,,,,,,,,,,,,,,,,,화학공학,,,,,,,화공생명공학,화학공학,화학,화학,,화학/생물학,행정학/경제학,,,,,,,,,,,,,,,,,,,,,화학공학/경영학,,,,,,
,,,,,,,,,,,,,,,,,,,,,,,,,,,,,,,,,,,,,,,,,,,,,,,,,,,,,,,,,,,,,,,,,,,,,,,,,,,,,,,,,,,,,,,,,,,,,,,,,,,,,,,,,,,,,,,,,,,,,,,,,,,,,,,,,,,,,,,,,,,,,화학,,,,,,,화학,화학,환경공학,화학,,화학,화학,,,,,,,,,,,,,,,,,,,,,,,,,,,
